comment_text,rating,like_count,user_name,movie_id,sentiment,sentiment_label,movie_name
"看到海报和预告片，人们第一反应就是：哪吒太丑了。
觉得丑就对了，因为本片讲的就是打破偏见。
正如很多人一看这是国漫，就不看了；或者去看了，看了觉得还不错也要自动先扣20分。
电影之中，骂哪吒是政治正确，只要你说哪吒是妖怪，就会有人跟着说；
电影之外，骂国产片、国漫也成了政治正确，只要你骂它，就会有人给你点赞。
其实哪吒不是妖怪，他也想降妖除魔洗清骂名；
国漫也不都是烂片，也有人想拍一部佳作证明自己。
比如这部《哪吒》。
山河社稷图一幕真是天马行空，震撼无比，将曾经只存在于想象中的物品具象化，也将中国神话的无穷想象力展现得淋漓尽致。
那些耳熟能详的故事，不再只是故事，而是能看到，能听到，能享受一场视觉盛宴。
今年有《哪吒》，明年有《姜子牙》，封神电影宇宙即将开启。
是时候以电影的形式让中国文化走向世界了。",4.0,27371,朝暮雪,26794435,1,Positive,哪吒之魔童降世
卧槽居然看哭了，这才是货真价实的国漫新希望，终于不再是假大空的中国风堆砌，而开始借神话寓言塑造真正的“小人物”。背负原罪的出身，命中注定的死期，对存在的笃定和身份的动摇，竟指向《刺客聂隐娘》的内核：一个人，没有同类。完整的世界观构建，父子母子师徒兄弟友敌，每一段关系都处理的有血有肉全无敷衍。美术剪辑配乐动作设计，处处都是亮点，就连喜剧部分也绝非装疯卖傻而存在无数细节作为支撑。海边夕阳踢毽和社稷图虚幻仙境两部分堪称绝美段落，飞驰想象力和一流制作实力的结合，值得一刷再刷。严格说是四星电影，但愿意加满五星狂推鼓励！,5.0,22162,嘟嘟熊之父,26794435,1,Positive,哪吒之魔童降世
年度最佳动画，不，年度最佳影片，剧作上的成熟应该让同档期的《狮子王》跪下来叫爸爸，起承转合水到渠成且饱含情感力量，这种成熟度不管是在动画这种形式里还是脱离动画都值得所有国产商业电影学习。整部影片看下来，在形式上非常现代化，包括笑点台词都贴近现代网络化的生活，是谓形散，但是影片把握住了哪吒这个神话人物的内在精神：我命由我不由天，并且自始至终都贯彻下去，是谓神不散，包括反派敖丙及申公豹都人物弧光饱满，在非我族类其心必异的人类世界里，《哪吒之魔童降世》是为所有异类书写的颂歌，这部片子就如同蔡依林在金曲奖上说的：献给那些曾经认为自己没有任何机会与选择的你，请你一定要记得选择你自己，支持你自己。,5.0,17125,天马星,26794435,1,Positive,哪吒之魔童降世
牛逼！牛逼！牛逼！4年前翻着白眼看完了《大圣归来》，4年后热泪盈眶地看完这部《哪吒之魔童降世》。没想到2019不仅仅是中国科幻大片元年，本片更是和《白蛇：缘起》一块儿创造了国产动漫作品前所未有的高潮。扎实的故事，生动的角色，饱满的情绪，炸裂的场面，这一切都构成了110分钟云霄飞车式的、畅快淋漓的观影体验，表面上是哪吒的传奇，骨子里面是《绝代双骄》+《悟空传》，毁天灭地的逆天气势更是燃破天际，好一曲震撼人心的“冰与火之歌”！都给老子去看！,5.0,12070,谢谢你们的鱼,26794435,1,Positive,哪吒之魔童降世
牛逼了！没想到国产动画能把故事内核写得这么成熟。好几场戏被震撼到，必须五星鼓励了。将“水淹陈塘关”的故事元素打碎了重构，人设和剧情完全依照阴阳哲学来做。太极生两仪，混元珠分为魔丸（火）和灵珠（水）。太乙真人与申公豹，哪吒与敖丙，皆是一体双生。命运的偏离带来了秩序的倒错，于是，善与恶的边界变得越加复杂起来，耐人寻味。每个主要角色都带着宿命感，向死而生，阴阳相合打破命运。哪吒形象很颠覆，华语电影里也是难得一见，最重要的反叛精神立住了。导演想击打全龄观众，而那些嬉笑段落在关键时刻也催生出了悲情，让人泪目。高潮部分的场面戏够燃够磅礴，而且情绪饱满。以后再出国产动画，都将和它比较。,5.0,11041,居无间,26794435,1,Positive,哪吒之魔童降世
邓超救不起这暑期档，哪吒可以。,4.0,27392,凹凸,26794435,1,Positive,哪吒之魔童降世
技术上还是当下国产动画电影的水准，但在剧作的完成度上，却是第一次这么成熟，这么优秀！以前大圣大鱼或者白蛇这些剧本有先天缺陷的庸常之辈，都被称作是国产动画电影的良心之作，直到这部哪吒，才算是做到了剧本层面上的优秀，兼顾了喜剧元素和主题深度，还为之后的封神宇宙开了一个好头，大家以后可以忘掉大圣了。导演把哪吒的故事做了颠覆性的改编，逆天改命的主题在哪吒身上爆发了耀眼的人物弧光，最后哪吒直接对着电影院里的观众说，今天是我生日宴，你们谁都不准哭，这一刻的泪点实在是太可怕了。第一次给国产动画做自来水，在这个萧条的暑期档，这部肯定会是爆款。,4.0,12859,亵渎电影,26794435,1,Positive,哪吒之魔童降世
讽刺的是，尽管角色口口声声说着“做自己”、“我命由己不由天”、“最害人的是成见”，电影却依然一直在用对肥胖、结巴、娘娘腔等特征产生的成见制造无价值，且一点都不好笑的笑料。,3.0,33471,字母君,26794435,2,Neutral,哪吒之魔童降世
“不成，功变成仁”、《神仙的自我修养》、“申公公”、内服外敷效果都一样的解药…前面快笑死；指点江山笔、英气的敖丙、猪鼻子倒带器…中间各种神来之笔；“人心的偏见是座大山，你是谁只有你自己才说了算”、父母面前的生离死别…结尾又被感动得一把老泪。老妈的性格更立体，老爸李靖对哪吒说你的真实身份其实是…时，生怕他说出个“蛋”，这是这部毫不正经却又硬气热血至死的片子能干出来的事。集丧逼和燃于一身，在哪吒面前，没人帅的起来！锁定今年最佳国产动画。,5.0,7785,影志,26794435,1,Positive,哪吒之魔童降世
“所有龙把鳞片扣下来的时候，我真的感觉敖丙压力太大了。”“我们全村可就指望你一个人去考大学了啊，一定要上清华啊。”“就算把其他报清华的人都杀掉你也一定要考上啊！”,4.0,6217,明安,26794435,1,Positive,哪吒之魔童降世
休说苍天不由人，我命由我不由天。新的故事，改编的很不错啊，就是有点短。友情提醒：观影记得带纸巾,5.0,5500,丿去丿去,26794435,1,Positive,哪吒之魔童降世
这个夏天还有比“藕饼”cp更火的吗？,4.0,7517,阿珂,26794435,1,Positive,哪吒之魔童降世
暑期档到目前为止最好看的一部。真正打动我的不是哪吒的人设，而是找回了久违的看港片喜剧的快感！,5.0,1468,阿德,26794435,1,Positive,哪吒之魔童降世
7分，制作确实非常突出，尤其是夕阳下踢毽子和变身两场戏，印象深刻。这也说明，华语动画只要真是踏踏实实下来做苦功夫，还是能出佳作的。剧情相比老版做了很多革新，包括新增的父子情，这个见仁见智吧。主题则是神魔我做主，我命由我不由天的中二少年感，放到现在倒是挺燃的。哪吒变身之后也是大加分，跟敖丙的兄弟情也是相当新时代趣味了。希望每一部用心制作的华语动画，都能有好的成绩吧。不过，个人还是觉得大圣更好些，所以，刚刚还专门给大圣改了分，这样才公平些。都好都好，都加油，都加油!,4.0,1264,桃桃林林,26794435,1,Positive,哪吒之魔童降世
神话故事新编，以一种不令人悲伤的方式来讲述悲伤的哪吒童年。丰富多元充满想象力画面；包含幽默、热血、感人和人生观点的剧情；还有安排得当的叙事节奏，结尾处高潮更是一波接一波，让观众又是激动万分，又是感动落泪，实在令人佩服，这就是一部优秀的动画电影。,5.0,1674,有心打扰,26794435,1,Positive,哪吒之魔童降世
这是导演的动画长片处女作啊！,5.0,277,张小北,26794435,1,Positive,哪吒之魔童降世
哪吒就是那种看完了刷评论压根不会点开差评去读的片子，一定要看IMAX。,5.0,290,沒回合,26794435,1,Positive,哪吒之魔童降世
一切都很好，但是哪吒，我想我看过更好的。,4.0,1219,姨妈的鸭,26794435,1,Positive,哪吒之魔童降世
这个夏天一定会爆！以大家对大圣大鱼和白蛇的热情，这部国漫在完成度上圆满完成期待。第一次有了看好莱坞动画的流畅感和毫无尿点以及满满泪点，实在太不容易了。这次的剧本创作、节奏把握、主题升华、人物设定、视觉特效、巧妙笑点，皆弥补之前的种种短板，毫不夸张的说是一部集大成之作。期待暑期档刷爆豆瓣和朋友圈,5.0,186,蒜 | BOY A 🌈,26794435,1,Positive,哪吒之魔童降世
谢谢把我拍的这么好！,4.0,824,哪吒男,26794435,1,Positive,哪吒之魔童降世
老版可是提倡自由意志的。,1.0,3453,Die Katze,26794435,0,Negative,哪吒之魔童降世
很像1970年之后的中国威胁论（魔童）、89年联合国制裁（关到死）、2001入世腾飞（当妖怪给他们瞧瞧） 和 2018年的中美贸易摩擦、华为事件（若命运不公斗到底）！2019最强国漫没有之一！！！,5.0,164,纳兰风澈,26794435,1,Positive,哪吒之魔童降世
"2019年，哪吒都成家庭教育成功典范了，就算你是魔童转世奔着毁天灭地来的，只要家里有钱有权有天命，妈妈爱你爸爸把命都给你，再顶级名师1V1封闭式教育，不愁养不出一个精英来。金吒木吒抱头痛哭：“这个家里没有我们的位置……”
敖丙是真可怜啊，背负了整个家族的不甘心，一人给片鳞好比读大学前村里每家每户给抓把小米，可走到城里，人家一看你头上的角就知道底细了。纵使哪天真能修炼成仙，身后还林林总总一大串亲戚呢，可敖丙能成仙吗？不被社会生吞活剥扒皮抽筋就不错了吧",3.0,11354,根,26794435,2,Neutral,哪吒之魔童降世
现在上映一部国产动画就是神作，个个都是神作,1.0,1677,三藏法师,26794435,0,Negative,哪吒之魔童降世
不是做的不好，不是不用心.恰恰相反我一看到宣传的第二天就去观影了，本人对哪吒这个人物的感情区别于其他所有的动漫人物，我从小爱读封神演义，自诩为是看着神的故事长大的人，哪吒最重要象征着对父权挑战忤逆的精神在这部动画里面被阉割的干干净净；太乙真人，永远站在哪吒这边，无原则帮他对抗父母、原则、天庭，做好身后事的仙风道骨之人，被丑化成一个骑着猪、说着四川话的胖子（先说明我不歧视胖子，我自己就是胖子，但这里的太乙分明就是丑角）.如果说cp是哪吒和太乙，我愿意嗑，太乙之于哪吒，那比秦五爷对依萍还要好啊，要星星不给月亮，你只管干，出了事我给你兜；在这个电影里，他仿佛一个丑陋搞笑的班主任罢了……至于敖丙，呵呵，一个被哪吒随手打死的富二代有什么资格和他组cp？总的来说，对于本片，我并不失望，我只是愤怒.,1.0,1631,千秋指白头,26794435,0,Negative,哪吒之魔童降世
承认期待不高，看得有些意外。我不是哪吒迷，而更接近封神迷——实为情怀的那种玩意，所以看到片方想要铺封神宇宙，无论成败，总归是有人在做这么一步，并且，这一步，作为起点是恰如其分的。不存在“哪吒就应该是代表/刻画什么精神”之类的说法，动画片也不是低幼倾向的文化产品。性格转变过快，密集迎合观众笑点之类的缺陷有不少，但来日可期，可以再打磨。,4.0,351,木卫二,26794435,1,Positive,哪吒之魔童降世
李靖到底是为了什么做 揭穿敖丙身份 这样损人不利己的事？,3.0,6305,Kouros,26794435,2,Neutral,哪吒之魔童降世
无疑，这是今年暑期唯一的爆款+黑马。 哪吒和敖丙的友谊，努力过，彼此成就过，此情有憾，然无对错，往后各生欢喜。哪吒和父母之间，同行半路，一别两宽，余生漫漫，依然亲情守候。,5.0,89,大聪,26794435,1,Positive,哪吒之魔童降世
各种方言、结巴、放屁、烧裤裆的梗，还有什么指纹解锁、游乐场之类的舔当代科技，所有笑点都能在半分钟之前预知，弱智当好笑。最不能接受的是把主题又变成什么“不信命”之类的俗套，那句泛中国地区最中二病没有之一的“我命由我不由天”出来的时候，我饭都要呕出来，本来我们已经很没有反抗父权的人物了，硕果仅存的哪吒也要变成这样，“削骨还父、割肉还母”完全没有，爹妈爱我，父慈子孝，让人忍不住竖中指，行吧，【父母皆祸害】小组关了，李靖也洗白白了，我服了还不行吗？我信命了好吧,2.0,8823,蚂蚁没问题,26794435,0,Negative,哪吒之魔童降世
"偏低幼向，剧情含量比大圣归来要多，但观感没有超越大圣，顶多比肩白蛇。有些影评人拿它踩大圣，我？？？亮点在于重写了敖丙和哪吒的关系，正邪一体，反宿命论，龙宫和万鳞甲的设定我很喜欢。但为了故事革新，削肉还母削骨还父的经典场面没了，最后的终极大战也没有燃到新境界。人物台词融入一些现代化的笑点，确实更搞笑，但我出戏很多次，奇幻题材的沉浸感很重要。太乙真人从外形到配音都像pdd，哪吒的傲娇御姐音什么鬼。（炒cp可真好卖）

神话英雄在不同时代被不同创作者赋予不同的涵义，你以为它是骨，其实它是壳。 
朋友说“你不能否认魔童它很当下。” 所以大圣归来不讲大闹天宫，哪吒也不讲闹海自刎。 是时代的反骨逆鳞被拔除了，我们都是龙宫里的老龙。",3.0,2413,前苏联游魂,26794435,2,Neutral,哪吒之魔童降世
"一部神话片，笑点还靠屎尿屁来撑?可气的是我还笑了。经典的哪吒是一个反抗权威和父权的形象，这部把李靖塑造成一个有爱的父亲，于是一部俄狄浦斯式的神话变成一个友善的童话。
哪吒多会变化术，一些笑点是靠变化术制造，乾坤圈变成一个类似金箍的限制性法器，恭喜你们把哪吒变成第二个悟空。",3.0,1827,非相君,26794435,2,Neutral,哪吒之魔童降世
看完心情有点复杂，只能说是雷点萌点兼具吧，不是我喜欢的那一款，但能看出来质感很好。好的地方当然是制作，确实是国漫标杆，甚至叙事部分也不差，是比较娴熟的类型片叙事。但我最不满意的地方恰恰就是很多人觉得燃的地方，这个片子里的哪吒和传统的“哪吒闹海”最大的区别就是，不再有那种六亲不认的反叛性了，而这恰恰是我觉得哪吒这个角色最吸引我的地方，是对父权最为彻底、最为决绝的反抗，甚至比石头里蹦出来的孙悟空还要六亲不认，是以自己的血肉之躯为代价获得彻底的自由，挣脱一切爱与伦理的锁链。但新版哪吒所谓的“我命由我不由天”完全是另一个故事，是网文式的逆天改命，好好活，不抛弃，不放弃，做有意义的事。。原版哪吒是野生摇滚，新版哪吒是摇滚人参加中国摇滚三十年研讨会。,3.0,655,曼仔,26794435,2,Neutral,哪吒之魔童降世
国产动画发展了这么多年，似乎是越来越不明白技术它就不是这个行当里最根本的东西，不明白作品里塞再多大而空的感情也无法真正打动人。古往今来反父权反愚孝的动画人物有几个？这么一个难能可贵的形象还给毁了，改得面目全非为什么还要继续叫哪吒？就是叫王小明也完全没问题。至于笑点，永远低俗而不自知，片里翻来覆去地嘲笑结巴、胖子和娘娘腔，有意思吗？做动画的各位是大人了都这样子，还指望我们的动画教出什么样的小孩？,2.0,3903,萨嘎摩多熊猫桑,26794435,0,Negative,哪吒之魔童降世
远远不如小时候看的《哪吒闹海》来得撼人心魄。传统中国各类文本，动人的都是关于人伦的张力，哪吒是骨肉还给父母，修得至纯至净莲花身，本作改得不伦不类，不中不西，对抗个人命运很是大而无当。人物造型、笑料、桥段，迪士尼、香港无厘头、电脑游戏借用不少，意思却不大。迎合的心态永远弄不成一流的商业片。2.5,2.0,2610,LOOK,26794435,0,Negative,哪吒之魔童降世
中国的封神奇幻故事是未来商业娱乐电影的大宝藏，这还只是个小开头！祝贺这位年轻的新编导。,4.0,230,谢飞导演,26794435,1,Positive,哪吒之魔童降世
"五年后再看仍然觉得是“二星以上，三星勉强”的水平。
我不否认他在美术和动画技术上面的成就，影片后半段的四人车轮战确实厉害精彩。
但是哪吒故事的底色不应该是“反叛”吗？反封建反父权，以肉体疼痛的方式割肉还母剔骨还父，是那个少年能在封建时代制度里做到的最鲜血淋漓最伟大的反抗。但是这一版本的故事里，把叙事重点放在了哪吒与敖丙这一对“错位双生”的孩子上，内核变成了“破除成见”。可饺子导演在对经典文化故事进行再解读再叙述再重构的过程里，依然在影片里设置了许多“成见”……
同时改编了李靖的父亲形象，变成了“你爸不是不爱你，他深深地爱着你，背地里为你做了许许多多。他只是父爱如山，沉默不语。”但其实又回到了最初的“君臣父子”那一套。
至于“我命由我不由天”？一句热血口号罢了。",3.0,272,稍逊,26794435,2,Neutral,哪吒之魔童降世
脱离原著看，可以给四星，国漫的进步显而易见。但如果对比原著看，一星都不想给，《封神演义》在古典名著中并不突出，但反抗父权的哪吒却是中国古典文学里最出色的人物形象之一，与反抗君权的孙悟空、反抗科举的杜少卿、贾宝玉一道成为最有反抗精神，最神采奕奕的人物，结果却被刻画成符合社会主义和谐价值观的父慈子孝，让人呕吐。看完这个熊孩子长成孝子版的丑哪吒，还是让我们来回顾一下真正的哪吒吧：一个人在海边嬉戏，打死蛮横无理的夜叉和太子，闯下祸来。怕受连累的父亲，要杀他以绝后患。他割肉还母，剔骨还父，自刎而死。后来又起死回生，取荷藕做骨，荷叶做肉，与父亲刀剑相向，大打出手。——记住，这个牛逼到金光闪闪的人物才叫哪吒。,2.0,649,芦哲峰,26794435,0,Negative,哪吒之魔童降世
点映看完了，不剧透地说，除了哪吒和他娘的人物关系外，这部电影把传统的哪吒故事里人物关系都改变了，哪吒和李靖、哪吒和太乙、哪吒和敖丙等等，因为有这些关系要重新做，所以这些人物的设定才和传统的不一样。整部电影本身严格按照商业片的形式，几个情感转折的节点都掐准了时间，不夸张地说，如果这个系列电影要做下去的话（还有之前的大圣、之后的姜子牙等），《大圣归来》和《魔童降世》在这个系列的地位相当于这个系列的《钢铁侠01》和《美国队长01》，但前提是一定要做下去。,4.0,694,孔鲤,26794435,1,Positive,哪吒之魔童降世
故事架子和人设不就是小鱼儿与花无缺吗？敖丙亮相的镜头，全程代入的是花无缺。这片是国漫史上一个进步，这是无疑的，但就是觉得特别可惜，特别可惜，特别可惜，这个魔丸灵珠转世成两个小孩的故事，主角其实跟“哪吒”一点关系没有，随便叫他小明小刚都行。但他占了这个名头和躯壳，把那个闪耀着万丈悲剧光辉的哪吒的灵魂挤走了。好烦“做你自己”的鸡汤套路。,3.0,155,张天翼,26794435,2,Neutral,哪吒之魔童降世
非常认同那一条热评，一边宣扬打破成见，一边却又用肥胖、口吃、娘娘腔制造笑点…实在是阴阳怪气又当又立…另外烟熏妆哪吒真的一点都不可爱！！居然还有人把他和敖丙配成cp，我想说你没事儿吧？？,2.0,330,yomyomya,26794435,0,Negative,哪吒之魔童降世
本来想为了看2补一下1，看完1觉得2不用看了,2.0,207,🌲,26794435,0,Negative,哪吒之魔童降世
很主流的商業動畫，把反抗父權忤逆到驚世駭俗的哪吒形象用父子情、友情、追求自我這些主流主題消解了（反抗父權變成了父子情深實在是⋯），配合煽情、打鬥、奇觀場面、喜劇段子，非常通俗，沒什麼深度（至少喪失了「哪吒」這個角色本應有的深度），但製作和娛樂性都不錯，應該會大賣。,3.0,832,五色全味,26794435,2,Neutral,哪吒之魔童降世
人不过就是半神半魔的造物，这故事按照这个路子衍生。整体非常工整，技术让人赞叹，自《大圣归来》到《哪吒》，这条从中国神话拿改素材的动画之路被证明是最经济实惠的。这里面其实有着另外可以深化的内容，就是几个角色的象征，哪吒像个为民请命的知识分子，但被庸众看作妖怪，他的叛逆不被理解和尊重，龙王是个归顺的反叛者，但被招安并不代表被信任，他的下场故事里讲得很清楚，而敖丙是甩脱出身帽子的唯一机会，而最终，这个年轻人和哪吒那个反叛者合二为一成为一个被大众颔首的理中客。这到底是成熟还是悲哀呢？只不过这个方向肯定不会被明确提点。想想有点悲哀，动画片的形式让这类作品成为了我们电影中最可能表达一些别样内容的容器，但也因为形式，那些表达最终被掩埋在搞笑和特效之中。,4.0,375,frozenmoon,26794435,1,Positive,哪吒之魔童降世
几个小缺点：娘炮那个梗用得有点太多了后面就烦了，结尾大战有些拖沓，段子堆得有些太密集了导致最后情绪有点破碎。其他都很好，比［大圣］好，可能是这几年最好的国产动画，李靖太可以了吧。,4.0,293,LORENZO 洛伦佐,26794435,1,Positive,哪吒之魔童降世
丑，魔童就得是丧尸脸吗。,2.0,1391,认真的泰罗,26794435,0,Negative,哪吒之魔童降世
一出生就有黑眼圈的孩子肯定不简单,4.0,284,大島,26794435,1,Positive,哪吒之魔童降世
挺好看的。除了不是哪吒之外。,3.0,534,荞麦,26794435,2,Neutral,哪吒之魔童降世
李靖为哪吒贴上换命符，愿以薄命相抵天劫。龙王为敖丙披上万麟甲，欲以仇恨水淹陈塘。魔丸改变不了人族的偏见，灵珠拯救不了龙族的自由，黄金百战穿麟甲，不破陈塘终不还。海滩边他们惺惺相惜，混元珠转世投胎，不过是天神的谎言。生而背负部族业障，万千恶孽，他们始终囚禁在偏见的囹圄，自由的结界。,3.0,209,西楼尘,26794435,2,Neutral,哪吒之魔童降世
跟“哪吒闹海”相比格局太小了，得了狂暴症的哪吒也不太讨喜。但创意和细节都值得嘉奖，还有N多熟悉的家乡元素。让封神宇宙来得更猛烈些吧！（这版的李靖我可以…）,4.0,199,同志亦凡人中文站,26794435,1,Positive,哪吒之魔童降世
C＋/ ①相比被盛赞的剧本，反倒是视觉形象的建构比较出乎我意料：莲-火-毽子（鳞片）-红莲的意象联结贯穿了全片，自细微琐屑至宏大奇观完成了完整回环而又颇具想象力的体系。②剧本其实有点过于依赖“孩童”人设，一方面助益了影片暗黑而又诙谐的混搭基调，另一方面也遮蔽了部分剧作上的仓促甚至让人物的成长显得不够充分（比如，“控制”的习得只是如此简单的事情吗？）。③导演对叙事时间的理解可能有些粗糙，连高潮戏一条线到一半时间停顿切到另一条线这样破坏节奏的小瑕疵都好几处。④至于大量不合时宜的笑料，让它们融入叙事的办法只有一个，就是添加让这些“异类”同样受到压抑的细节，而不是大大落落地丢包袱。,4.0,251,寒枝雀静,26794435,1,Positive,哪吒之魔童降世
被主流归化，向父权低头，年轻人在动画片里找到了发泄戾气的机会，莫名的愤怒，无声的呐喊，被冠以做自己的名义。,3.0,297,shininglove,26794435,2,Neutral,哪吒之魔童降世
披着哪吒外皮，反父权内核转身变为父慈子孝的儒家恶臭，还必须填上点尴尬的网络段子，每个配音人员似乎都不在一个次元，仅有技术的空壳子换来别样文化自信,1.0,385,夏萝,26794435,0,Negative,哪吒之魔童降世
哪吒一边觉得百姓对他有偏见，一边自己做着加深偏见的事情，逼着全体市民放下自己的工作陪他玩捉迷藏，找出来后就狠狠捉弄，还有欺凌小孩、放火烧村什么的，大家害怕他可太正常了，谁被伤害了能对加害者没偏见？,2.0,208,塔某人,26794435,0,Negative,哪吒之魔童降世
专属中国的另类超级英雄吧，故事改编太大，我一般无法接受，我的原则是，这么喜欢改编，为什么不自己原创一个剧本，说到底还是剧本不够硬，想蹭别人的ip,2.0,1316,小时候可牛B了,26794435,0,Negative,哪吒之魔童降世
又把没素质当个性了，成天上街捣乱还怪居民排挤，一句“我命由我不由天”就能洗白我也是真服。这个父慈子孝的丑东西和削肉还母剔骨还父反抗权威的哪吒之间的关系是…………？借了个皮套,1.0,352,东百好果汁,26794435,0,Negative,哪吒之魔童降世
老版的绝望和反抗精神损失殆尽，变成了这么一个非驴非马的庸俗玩意儿。,2.0,144,玓瓅,26794435,0,Negative,哪吒之魔童降世
观感很一般，又是技术环节走在前面，故事、情感和风格层面都明显用力过猛，每个人物都有油嘴滑舌之嫌，完全不纯真。绝对支持近来改编动画的风潮，这种形式对权力关系可能会有更自由更彻底的反省，但是挺遗憾的，现在看到的至多是反应出我们对权力的潜意识。几乎所有的人物动机都是外在的，都活在别人的眼里，完全没有内在的力量，都是权力的囚徒，不是真正的叛逆。完全不觉得燃，只有深深的沮丧。,3.0,221,57,26794435,2,Neutral,哪吒之魔童降世
技术上确实是国产动画新高度，但故事依然如那颗混元珠一样，魔丸和灵丸厮杀交错，始终未能浑然一体。回望《哪吒闹海》，还是老一辈动画人把握住了悲剧的精髓。不必硬蹭什么港式无厘头或美式皮克斯，因为哪吒本身就催人泪下。,3.0,265,扭腰客,26794435,2,Neutral,哪吒之魔童降世
刨去了哪吒自杀还父的情节，就抽去了哪吒故事的灵魂。我只能说，这是另一个故事，我只能说这个新的关于青春期的故事讲的不错，舞美、画工、形象设计都好。但，这是一部拍给80后的电影，为人父母的80后很爱看吧；养过利维坦式宝宝的80后很爱看吧；熟悉周星驰式喜剧的80后很爱看吧；把自己代入到李靖夫妇而非哪吒和敖丙的80后们很爱看吧。你们一定很爱看，因为你们已经不再是曾经那个哪吒，而是守着工资的总兵咯。一言以蔽之，这不是哪吒的故事，但不妨碍是另一个讲的还算不错的故事。片尾曲的歌也不错。值得票价，就是我全程到目前都醉着。,4.0,269,danyboy,26794435,1,Positive,哪吒之魔童降世
立意极其低下，从剔骨还父的父权抗争形象，变成了父母纵容的无恶不作官二代也是呵呵了…那些打五星的，对各类官二代新闻是如何看的？,1.0,410,小然看云歌,26794435,0,Negative,哪吒之魔童降世
做预告片的人可以开除了。以前看电影的时候，很激动，眼里含泪打转。这一次，我靠，眼泪流到脖子那儿了，没赶上截住。不过这片也有几段很差的，瑕不掩瑜,5.0,138,zhang 2nd,26794435,1,Positive,哪吒之魔童降世
逃不开的屎尿屁桥段和自 high 式的宣言,2.0,157,顔白,26794435,0,Negative,哪吒之魔童降世
徐克+周星驰，精准复刻。,4.0,90,把噗,26794435,1,Positive,哪吒之魔童降世
3.5；较多低幼欢脱段子集合的表象并不能掩盖其悲剧的本质，越往后越动人，在改编原著的基础上，文本大刀阔斧地改变走向，奉献了一个在（国产）动画中难得一见具有邪气的魅力角色（取下乾坤圈，变身一刻堪称全片高光，碾压帅气敖丙）。善与恶，水与火，在充满偏见定论的二元世界，这两个承载了命运错弄的少年，最终以“我不信命”的信念发出天问，完满开启「封神」宇宙，十分期待了。申公豹和龙族的命运也非常具有意味深长的寓意，并为丰富主题的完成提供富含信息量的支线提供。,4.0,230,欢乐分裂,26794435,1,Positive,哪吒之魔童降世
国产动画区真是最分裂的一个区，很多人一边叫着动漫不是低幼作品一边为片子里的低幼笑话鼓掌……哪咤这个形象看你想怎么塑造，是反抗封建礼教的悲剧英雄，还是奉行封建礼教才能带来好果的教材？导演看来选了后者,2.0,1095,地平线的旧火车,26794435,0,Negative,哪吒之魔童降世
用周星驰的元素做中国式的幻想喜剧3DCG动画电影，这样的模板，确实是个可复刻的方向……,4.0,132,Kaito,26794435,1,Positive,哪吒之魔童降世
“我命由我不由天，是魔是仙，我自己決定！”那么，申公豹、敖丙和忍辱负重数千年的妖龙们为什么不自己决定？太乙不必为贪杯误事负责，难道不是因为被师父钦点了“仙命”？一个官二代把整个陈塘关搅得天翻地覆，就为了找个自我认同？！哪吒到底自己决定了什么：仅仅是不理睬“白痴们”说什么吗？我不觉得哪吒故事就一定要弑父，事实上封神演义就把西游记里反抗性的剔骨析肉改写为孝道动机，后人当然可以继续改。可这种改动太说明问题了：当父权家庭悲剧被改成了中产育儿传说，当欺男霸女的龙王三太子被改成温顺英俊的悲剧少年，当活在神仙们欺凌下的无辜老百姓被改成了不断误解官二代的“白痴们”，你真的可以无动于衷吗？片子当然好看，简直堪称享受，但真正可怕的不就是这样的叙事正变得好看且享受吗？,3.0,137,脱大单于,26794435,2,Neutral,哪吒之魔童降世
应该叫《哪吒之真·巨婴传》，中二没毛病，自恋到油腻的程度，就不好玩了。,2.0,615,风间隼,26794435,0,Negative,哪吒之魔童降世
3.5。真纯粹。虽然文本完全不是想象中的高级向，但“不认命”这个基本点在情绪释放上真是合理又张扬，放低一秒防线眼眶就红了。技术上丰富度、流畅度双高，也基本跟得上想象力，但质感依旧有欠；剧本前松后紧，在节奏和笑点设置上都有刻意之处，但整体已相当圆熟，多主题驾驭得当，去二元化也成效显著，对神话元素更深入更有机的结合野心已然初俱，完全超越《大圣归来》没任何疑问。作为后起，如果能把投机又扭捏的《银河补习班》狠狠爆掉，那也算这个暑期档唯一能给的安慰了。,3.0,275,Ocap,26794435,2,Neutral,哪吒之魔童降世
19年听到那句“我命由我不由天”，就觉得不会是我喜欢的电影，今天补上，果然难以认同。这个故事和哪吒有半点关系吗？我心目中的哪吒永远是小时候看的《哪吒闹海》里那个，这么多年过去，提到哪吒耳边仍能响起那句“爹爹，你的骨肉我还给你，我不连累你”。哪吒这个在神话体系里几乎可以说最独特最珍贵的“反叛”形象，就这么被改成了一个俗套无比的“正能量”角色，同时不忘进行一些同样俗套的麦麸。那些根本不好笑的笑点让人观感更差。,3.0,79,今天辞职了吗,26794435,2,Neutral,哪吒之魔童降世
现在看来，中国会讲故事的导演和编剧一只手都能数的过来，中国电影行业现在就是一具大型的行尸走肉，一只没有灵魂的资产怪兽。,2.0,1000,耿直的减肥少年,26794435,0,Negative,哪吒之魔童降世
少年的你，有个小小的愿望，愿风雨云中，刀背藏身，一秒钟行八百里，刺破六欲天,4.0,64,丁一,26794435,1,Positive,哪吒之魔童降世
诸多魔幻法规下的畸形怪胎。正邪二元对立，抹杀可能性，轻视个体的成长挣扎，“人定胜天”沦为口号式煽情，无意解决身份焦虑。孝道成为催泪手段，都在以“为你好”的名义拒绝沟通。笑点一半靠屎尿屁，一半靠对肥胖猪神、娘炮大汉等刻板印象的调侃。蛮有代入感，我们都是这样长大的，但跳脱出来只剩身心不适。,2.0,271,vvVv,26794435,0,Negative,哪吒之魔童降世
掂量许久，还是没法及格。CG技术越成熟，剧作匮乏越明显。悲情主线与搞笑段子严重割裂，徒有周星驰的壳，少了无厘头的魂，因为主角并非小人物。过于喜剧，稀释了众角色应有的个性。几乎每场戏都老了，但也确实勉强顺了下去。最大的要害，是对哪吒原形象DNA级的重造，在我看来不值一晒，本质是网络文化的思路，是肤浅幼稚的好莱坞化效仿。吸引眼球的伎俩全部是梦工厂式和网文式的，包括人物造型、动机、叙事曲线等。即便如此，自然也没能在此之上有什么革新。而原哪吒的反体制反父权性，铮铮傲骨，非常中国的戏曲气质，已完全替换为一套西方意识形态。某种程度上，哪吒形象比孙悟空更值得我们珍惜，因其具有更鲜明的历史对抗性和时代警示性。本片实质上已不能算改编，而是创造一个重名的新人物，完全迎合时代口味，就像剔除所有阴暗现实的格林童话。,2.0,81,王写写,26794435,0,Negative,哪吒之魔童降世
超雄丑男不是哪吒…不反父权更不是,1.0,240,Lit♡t_cony,26794435,0,Negative,哪吒之魔童降世
没有哪吒的灵性，更像是红孩儿叛逆。我不喜欢段子的台词，我也不喜欢国漫强大的宣传。认真讲故事没做到，这就不是好的电影。包袱太多，实质太少。光线出品，一贯宣传手法。刷好的口碑，补贴首日票房。,1.0,1093,摩羯座的猫,26794435,0,Negative,哪吒之魔童降世
我求求你们睁开眼睛划拉一下这片子铺设的都是什么笑料：形体羞辱、生硬的方言梗和口吃梗、屎尿屁和排泄物笑料、络腮胡娘娘腔、网络流行语以及港式无厘头杂糅，我实在分不清它在风格上是更接近春晚小品还是王晶、黄百鸣们的陈年港式大杂烩，或许兼而有之吧。没人说过哪吒的文本就不能做喜剧化处理，但影片实际呈现的又是什么趣味？叙事、表意、情感的传达，没一样不是浅表而庸俗，所有重要的信息、情绪全都要用嘴吼出来，而配音的表演质量又基本维持在国产古偶剧的中下游水准，尤其敖丙，活脱脱的3D版杨洋。这么个玩意如今票房口碑双线飘红，更有所谓“国漫之光”的桂冠加持，大概也只能说明，我们的观众对于一部动画电影最普遍的定位和期待，也就是这副样子。,1.0,327,应用层协议,26794435,0,Negative,哪吒之魔童降世
我觉得是一部完全没必要看的作品,3.0,96,螃蟹petbo,26794435,2,Neutral,哪吒之魔童降世
恶心。如果哪吒扼住命运这一命题的解决法仅仅是俗世的认同、家庭伦常的圆满，“我命由我不由天”本身就变成了“克里特人都说谎”式的悖论，不如说，哪吒为他愚蠢的命运而着迷。哪吒命题的阴惨源自越界的不可能性。我不喜欢本片哪吒成熟、做作且有说教性的声线，这取悦了大多人的声音已经显示，你要爱这俗世。,2.0,66,亜空,26794435,0,Negative,哪吒之魔童降世
三幕设计和人物刻画比这几年漫威好看多了，完全是可以卖到全世界商业片。既然是就着好莱坞做的，我们就用好莱坞标准来评。,4.0,54,Peter Cat,26794435,1,Positive,哪吒之魔童降世
"前半段略无聊的笑点太用力咯吱观众，远逊于后半段哪吒天生悲情的催泪作用让人触动
人物设计上主要人物还算有趣，但次要角色非常呆板
配乐有各种影子，特别是《终结者》
表演程式化，哪吒从咬母亲的手到温顺的变化，对比《风之谷》小动物咬伤娜乌西卡的段落差距巨大
小朋友设陷阱和回放段落重复动作显得乏味；影片过度迷恋动作戏，想靠密集的快速打斗提高影片节奏，反而将情节停滞。
对愚民的讽刺一开始似乎很有意思，但后面百姓接受哪吒的场景太一致没有任何迟疑，让歉意显得虚假也把前面对庸众的批判消解了。
但总的来说，本片是一部合格的娱乐爆米花电影。只是79年的哪吒闹海可不只是这么简单的作品，那是对十年浩劫的控诉，哪吒替天行道粉碎四条兴风作浪的龙，却还要自刎将血肉还给父辈，不连累父辈。那种大时代的悲剧能量，是核弹级的。",3.0,396,DR邬梦雨,26794435,2,Neutral,哪吒之魔童降世
"看了预告片，感到厌恶，作为反父权的偶像，居然被编排出""这是爹教会我的道理""这种台词，这还能看吗？",0.0,194,格里高尔,26794435,0,Negative,哪吒之魔童降世
这就是中国动画 插科打诨 装傻充愣 台词都把观众当做幼儿在哄,2.0,83,ZANE,26794435,0,Negative,哪吒之魔童降世
配音好出戏，反正看20分钟就不想看了,2.0,691,四万八千岁🌈,26794435,0,Negative,哪吒之魔童降世
看了22分钟受不了笑点关了,0.0,84,熊阿姨,26794435,0,Negative,哪吒之魔童降世
"可圈可点，可圈可点。
看的时候会默认四十年前的经典《哪吒闹海》的剧情走向，看着看着发现本片完全没有照搬原来的故事，而是完完全全讲了一个新故事，并且不再是个人英雄独角戏，而是成功塑造了四个主要角色，这一点太赞了。而要批评的则是开篇半小时打诨插科的小把戏太多了，可这毕竟是个叙事性的神话正剧，不是《马达加斯加》或者《玩具总动员》，所以分全扣在这里。另外，技术上还有待赶英超美。
顺便看到有人拿《哪吒闹海》对比，认为本片不如旧作的，我必须指出一个基本事实：《哪吒闹海》没有传说中那么好。它是文革结束后美影厂赶工出来的作品，技术上已经有各种不足；更致命的是它跟那个时代的很多电影一样，带着过度的政治隐喻，四海龙王就是四人帮，当无论左还是右的意识形态的灌输盖过了故事本身时，就很难做出好作品了。【佛永润广正佳】",4.0,58,私享史,26794435,1,Positive,哪吒之魔童降世
人物设计父母的那个眼睛，有点让人发毛！反派师傅那个造型好像木兰里面那个太监哦！动作设计好棒好棒！最后高潮部分有一点点的拖沓，不过整体真的很让人惊喜了！我们小县城的电影院里男女老少哭得稀里哗啦的，没办法我们乡下人就是这么sentimental..... 最后，真的，好希望，自己小时候，学会，踢毽子，啊！可惜很遗憾我点开的是跳牛皮筋的科技树，后悔！,4.0,48,TimberNord,26794435,1,Positive,哪吒之魔童降世
戾气太重，受不了，3头身变身5头身，接受不了，不建议未成年人看,1.0,759,HooChao,26794435,0,Negative,哪吒之魔童降世
"感觉无论从美术还是配乐都和白蛇缘起与大鱼海棠差远了 
那个太乙真人肥头猪脑还一股子方言味儿
结局还是经典的中国式动漫强行大团圆结局
故事情节不算差 但表现的真的很低龄化
很多人吹 说它是目前国漫的巅峰 我觉得太过了太过了 不配 真的",2.0,1069,初悴,26794435,0,Negative,哪吒之魔童降世
"不行，这次我要站在你们大多数的对立面了。
优点固然明显，例如绘图设计啊，剧本完成度啊。
但是，较点真，粗鄙的笑点和混淆的设定，特别是最后老百姓们那一跪还是没有超脱出君君臣臣，父父子子的纲常。
我觉得我们喜欢孙悟空，哪吒这类神话人物且乐此不疲的改编，很大程度上是弥补了“叛逆”“犯上”“弑父”在现实中无法践行的心理诉求。
但除了寥寥这几个，还有谁呢？",3.0,142,Fleurs.哼哼,26794435,2,Neutral,哪吒之魔童降世
三流网文无脑自嗨+屎尿屁笑料。这位那吒（已经不能算哪吒了）小朋友从小就爹亲娘爱师傅疼，还能再幸福点吗？把命运的不公全都赖给所谓的魔丸，因此调皮捣蛋都是理所应当的，所谓对“命运”的反抗也就体现在讨好百姓上，口号喊得那叫一个响。口口声声抛弃成见，却又不断输出成见。最后百姓跪拜尬煽我一声冷笑，要不是这俩人捣乱你们也不会遭此大劫好吧，要谢也应该谢申公豹才对~_~都9012年了还在尬吹技术，宽容不一定能助力国漫发展，但观众降低智商一定能,1.0,153,刷鞋大王,26794435,0,Negative,哪吒之魔童降世
台词为了搞笑，所以要屎屁尿。故事为了完整，二元对立，善恶不分一锅炖。主题为了鲜明，直接来一个反转告诉大家：熊孩子只要碰到一个比他更惨的人，他就能马上吼出：我命由我不由天。这不是踩着别人的伤痛，把做的恶全都掩盖。再来还原事情的起因：爸爸和我踢一次毽子。,2.0,422,蒲末释,26794435,0,Negative,哪吒之魔童降世
这是瞄准了封神这个大ip吗…虽然不知道乌尔善那个系列最后会做成什么样，但在真人版接连碰壁后，用动画的方式呈现也算是借坡下驴了…就国内来讲，观众对基于ip改编的动画的包容度要大大高于原创动画电影，而在真人电影这块情况则几乎是完全相反的，嗯，不过对于我个人来讲，除了封神里的元素（背景、角色等）外，这片里加的其他所有原创元素都不太对味。以及，给哪吒他妈配音的真不是张小斐吗，为啥一出场就自带欢乐喜剧人效果？,3.0,204,柯里昂,26794435,2,Neutral,哪吒之魔童降世
优点是故事节奏和画面都算流畅吧，但技术上并未看到比《大圣》有什么进步，成熟的商业动画吧，影院里的小孩子都看得很开心。为讨好大众难免有些媚俗，屎尿屁网络用语，卖基中二燃加感恩父母？最遗憾的还是改掉哪吒的死法吧，如果没有剔骨还父割肉还母，那用哪吒这个形象有什么必要吗？请蛮吉回来不就好了？,3.0,136,渡边,26794435,2,Neutral,哪吒之魔童降世
分镜和大概念都挺漂亮的。比较可惜的是，最关键的地方被“两年后”给略过去了。哪吒本应自觉触摸自己的魔丸/灵珠两面性，形成自己人格。现在变成了指哪打哪的无名火-小粉红。魔格由何而来？谁给了哪吒那样一把声音？贴了傀儡符的巫毒娃娃？因为人格建构的缺乏，电影最后成了一场大型祈雨祭祀。现象中小粉红和大冰蓝的合一什么时候才能实现？,3.0,50,Lies of Lies,26794435,2,Neutral,哪吒之魔童降世
反感捆绑cp营销，不喜把反父权的哪吒做成合家欢剧情,3.0,65,风沢空,26794435,2,Neutral,哪吒之魔童降世
有些人一谈中国电影就扯立意扯逻辑，谈漫威的时候标准就降到爆米花电影。,4.0,118,攘夷志士白展堂,26794435,1,Positive,哪吒之魔童降世
原版的哪吒是最道系的神话人物——不受半点委屈不着半点羁绊，宁可剃骨削肉也不违本心。其间之血腥极端背伦，同他清纯稚弱的外貌形成极致对照，在封神榜一众妖仙之中也是最cult的。当然，这种无君无父的故事现在不许拍了。然而鬼娃恰奇的脸和“我命由我不由天”的正能量并不能补足莲蓬里的窟窿。说好听是符合流行，说难听就是俗气。跟我记忆里的哪吒落差未免太大。感觉是用他的身世设定讲了个别人的故事。好在故事本身，除去个别屎尿屁掏裤裆的梗低级且不知所谓之外，整体还是流畅的。制作也非常用心。远高出了国产动画的平均线。,4.0,65,小斑,26794435,1,Positive,哪吒之魔童降世
中国动画缺的不是技术，是故事，和讲好故事的能力。在故事的完成度之余，还有一定的深度。最难能可贵的是，哪吒是个反传统的英雄，他天生反骨叛逆又肩负重任，他是不被认同的异类，在戏谑的打发愁苦之后，迎来最终的爆发，切切实实的感动。李靖也一直教育儿子哪吒，不要在意他人的眼光，要做自己想做的人，不要轻言放弃，包括在生日宴上对儿子说的一番话，一个不善言辞却一直包容理解儿子的父亲形象就油然而生了。要说教育和父子情，吊打隔壁《银河补习班》。,4.0,203,后自愈,26794435,1,Positive,哪吒之魔童降世
二刷完毕，确定是我本月甚至今年的惊喜之作。妇孺皆知的“哪吒”神话传说在这里被重新解构，整体的故事完成度很高，这很难能可贵，辅以更具观赏性的喜剧元素，让整部片子的娱乐观赏性提升不少。,4.0,82,文刀大土申,26794435,1,Positive,哪吒之魔童降世
确实这代技术团队比《大圣归来》进步了不少，但是这片除了建模技术和配音演员很敬业就真的没啥了，大段大段堆出戏的流行元素，表达的思想都是喊口号一样直白、反复的摆在台面上强调，角色性格全都是为了迎合那些“看个热闹”的观众在耍帅、卖惨，如果接下来要拍《封神榜》的续作还请换个导演和编剧吧，我不抵触改动，但我打心底里不喜欢为了迎合、为了时尚、为了“热闹”的这种改动，《大圣归来》给中国电影动画开了个好头，我不想此之后的动画又倒退回以前那样“只要看个开心就好”,2.0,124,汝就做吾的犬吧,26794435,0,Negative,哪吒之魔童降世
光线点映。冷不防看第一支预告确实有点挑战审美，不过看完就会完全爱上这个古灵精怪的混世小魔王，是当下流行的丧燃款。外表邪魅狂狷烟熏妆，内心是个单纯善良的小孩，好面子装酷很可爱。饺子是学医的，一点点自学成动画导演，了不起。主创说这片并没有花很多钱，请不起一流特效公司，就找了一堆二流三流小公司磕了好几年。画面比大圣精细，前半段笑点密集，哪吒无敌破坏王状态、四个人追逐打斗长镜头很精彩，密码指纹解锁、坐骑放映机猪、山河社稷图、指点江山笔、三维弹球有很想象力。父爱、母爱、师恩、和基友敖丙亦敌亦友等人物关系也都刻画得比较充分。哪吒要拍成三部曲，明年还有姜子牙，期待上古版复联,4.0,161,谋杀游戏机,26794435,1,Positive,哪吒之魔童降世
削骨还父削肉还母是哪吒这个人物悲剧色彩的亮点，是道家某种哲学向往，哪吒代表了古人追求自由意志的，追求正义，反抗君权父权的进步精神，你把这个内核去了，这不是哪吒。,2.0,75,李枭,26794435,0,Negative,哪吒之魔童降世
我对太儿戏的东西笑不出来也哭不出来，不过打斗很爽+制作精良倒也不是很难看，就是比《哪吒闹海》差了10个《大圣归来》吧！另外这个垃圾剧情没有脸“致敬”前作哈！,2.0,248,王大盆,26794435,0,Negative,哪吒之魔童降世
"这个设定一看就是抄的《好兆头》。预告图片中有一张让小哪吒拉开对方裤子拿手电筒照成年男人的隐私部位，这不是恋童癖？这一部国产动画太吓人了。宣扬形而下的三观，还买榜买推荐。呵呵。“好兆头今年5月30号上映，抄袭好兆头？”有小朋友给我发私信抗议。解释一下。好兆头他妈的有原作 Good Omens
 Good Omens 作者: Terry Pratchett / Neil Gaiman 
出版社: TRANSWORLD
出版年: 1991-5
页数: 416
定价: 95.00元
装帧: Paperback
ISBN: 9780552137034",1.0,457,制片人,26794435,0,Negative,哪吒之魔童降世
命不由天的概念是好的…但还是有瑕疵太接地气了还有这给孩子看真的好吗？妥妥培养出毁天灭地型熊孩子,3.0,67,UrthónaD'Mors,26794435,2,Neutral,哪吒之魔童降世
喜欢这个和讨厌这个的已经是两个物种了,1.0,69,bkg光己,26794435,0,Negative,哪吒之魔童降世
看了十分钟关了，太乙真人和混元珠打斗的部分格调确实太低太低了，毫无意义的搞笑。令人尴尬。,1.0,95,#Pekingcat#,26794435,0,Negative,哪吒之魔童降世
非常完美了，角色的设定和特效终于完全达到了国际水准，对情节的改编也很合理，无疑值得赞叹，强烈推荐去电影院看。但缺点也很明显，就在于这巧妙的改编本身，因为它最终完全消解了哪吒作为一名逆子英雄的强烈悲剧性，他终于还是被驯服于“伦理”了，所以这又真的是一个“哪吒”的故事吗？不，这只是一个正能量统御天地的故事。,4.0,83,子文东,26794435,1,Positive,哪吒之魔童降世
我命由人不由天，谁不会为之泪奔呢,4.0,37,眠去,26794435,1,Positive,哪吒之魔童降世
低级庸俗的笑料太减分，台词能请个有点文化的人来写吗，我一度怀疑这活是个仅会刷抖音刷微博的中专生干的。想想那个在暴风雨中自刎的哪吒。,2.0,100,Bowser.Jr,26794435,0,Negative,哪吒之魔童降世
看前半部感觉不够好，看后半部感觉非常烂。相比《哪吒闹海》，本片的故事和人物都显平庸空洞、无聊乏味，而且到后面还都崩坏了。,2.0,64,易老邪,26794435,0,Negative,哪吒之魔童降世
李靖还蛮🉑️的……,0.0,50,肖恩恩恩恩肖,26794435,0,Negative,哪吒之魔童降世
抛却一切成见，心平气和观看本片，非常负责任地说一句，真的难看,3.0,55,摸三,26794435,2,Neutral,哪吒之魔童降世
"身份认同长久以来被父权社会描述成无病呻吟的小事，不成体统的歪道；从前的哪吒们，动仄削骨还父削肉还母，投胎再造是他们逃离家庭歧视和社会指摘重获自由的唯一方法；

如果明天，我们每个人都可能是被主流价值观霸凌的没有三头六臂的哪吒；那么今天，我们还要不要作嘲笑一切“怪物”的庸人，镇压一切“妖孽”的玲珑塔呢？",5.0,62,严荼,26794435,1,Positive,哪吒之魔童降世
"说烂片预订那大叔，动漫非得拍给小孩看？你不接受设定别代表大家，还有哪吒啥货色但绝不是你想的那种设定，好好多读书，再回去好好琢磨下封神。
观后:吹爆这片，今年最佳国漫。",5.0,355,吉尔伽美什,26794435,1,Positive,哪吒之魔童降世
无因的反叛，对着空气和闪电的怒吼。,3.0,135,水怪,26794435,2,Neutral,哪吒之魔童降世
明明惹祸的是李家，遭殃的是百姓，而他们最后那一跪，未免太奴性了,4.0,59,司徒苤茢,26794435,1,Positive,哪吒之魔童降世
终于打破了《大圣》《白蛇》拘泥于“为国风而国风”的短板，硬件条件满足的情况下专注于塑造人物性格和“逆天改命”的全民情绪点，是近几年《封神》IP改编最满意的一次，《悟空传》请你过来看看人家是怎么拍的。另外哪吒身上看到了漩涡鸣人的影子，不知饺子导演是否也是《火影》迷呢？,5.0,79,壹安²,26794435,1,Positive,哪吒之魔童降世
哪吒和敖丙，其实就是小鱼儿与花无缺。魔丸和灵珠算一体两面的双胞胎，不同成长环境造就了不同的性格，一个是恶人谷魔星，一个是移花宫传人。小鱼儿不恶，花无缺却被恶人迷了心智，最后被设计打个你死我活。,3.0,45,大奇特(Grinch),26794435,2,Neutral,哪吒之魔童降世
制作ok啦，故事这么改也不是不行，反正也不敢照着原本拍。改编的重点是把反抗对象抽象化，不反体制只反命运，最后落到“做自己”，这其实是妥协。虽然能理解，但也是妥协。本质上，没有剔骨割肉和重塑肉身这一破一立的哪吒，是没有意义的。要看身为异类如何自我认同，不如看X战警啊。,3.0,109,鬼腳七,26794435,2,Neutral,哪吒之魔童降世
主创有才华，陈词滥调的神话故事也能拍的圆润饱满，有血有肉；导演没审美，再多投资，再好的题材，再大牌的明星资源，拍出来也让人皱眉，只能靠着争议性，话题性哄骗观众的钱，然后安慰自己，赚到就是成功的。万马齐喑究可哀，中国一直不缺有才华有实力有心思的创作者，缺的是机会，是社会资源的不公平分配。,5.0,63,王俊俊,26794435,1,Positive,哪吒之魔童降世
这难道不是anti我命由我不由天吗？所以对哪吒这个主题的现代解读就是反叛少年回归家庭、父慈子孝、乖乖接受天罚。他的改变根本不是因为他想做自己，就只是想融入主流社会得到智熄百姓的认可而已。反抗个JB？这不就跟招安了一样恶心嘛。害，还挺符合主流价值观的。,0.0,42,Alan Sleep,26794435,0,Negative,哪吒之魔童降世
避重就轻间完成了从“父母皆祸害”到“历史进程靠个人奋斗”的温和改良，将哪吒原有的玉石俱焚般的刚烈变成了更符合广泛受众的取向；广泛地吸取了欧美动画长片的剧作模式和无厘头的幽默节点设置，大量的小聪明聚合体。,4.0,24,托尼·王大拿,26794435,1,Positive,哪吒之魔童降世
段子少点就好了,3.0,40,qw0aszx,26794435,2,Neutral,哪吒之魔童降世
md 这么垃圾的片子还天天上热门 看了都生气 都9102了还在拍这种只会空喊口号连小学生看了都嫌丢人的电影 还8.5分 也配？要是再冲进top250 我立马注销豆瓣 从此一生黑,1.0,65,马恩斯·加喵,26794435,0,Negative,哪吒之魔童降世
特别难过，如果是普通的动画片做成这样，肯定给五星的了，可惜是哪吒。哪吒是非常罕见的反抗君权父权的古典题材，现在突然又变成歌颂父权（爸爸瞒着你做了XX实际是为了你好）的东西，彷佛心底的一颗明珠被挖出来打扮得花枝招展再放点屎屁尿去接客一样。我能明白当年悲壮震撼的哪吒脑海不可能再重制上映，即使上映了也会被父母投诉到死，只是。。。单纯很难过而已。,2.0,137,千鸟欢喜天,26794435,0,Negative,哪吒之魔童降世
主角的戏写得很聪明，尤其做出来了哪吒和敖丙的关系，令人接受容易又不落俗套。但节奏是一大问题，不如本身的技术那样流畅。思想上要比大圣成熟，但没有大圣那样锋利，我个人不喜欢的是配音部分。题外话，我在漫威中看到了世界上那么多维护世界和平保持公共安全的各路超英，可是在中国的这样的动画里永远看到的都是反面的神仙，查无此人的元始天尊，阴险狡猾的申公豹，缺乏专业的太乙真人，玩忽职守的结界神，这些代表着上层的人总是要被塑造成这样的轻浮与标签化，也许一部分暗合了世人的想象，但真的并不真实生动。这个电影没有在任何一个其他的角色上做出真正丰满立体的设定，都是在一个维度里做得规范踏实，所以最后这个可怜天下父母心感人却不深刻。,3.0,47,Morning,26794435,2,Neutral,哪吒之魔童降世
火然，意思是要火的样子。比大圣厉害多了。冰与火。不虐(让再长大点再来虐吧，先美好童年先)，从头笑到彩蛋，踢毽子感人。丑萌喜欢。坐等好影院屏幕二刷。3D记得带上眼镜儿~火，火个小哪吒吧,5.0,504,深夜声噎,26794435,1,Positive,哪吒之魔童降世
让人物智商下线来推动剧情是最低级的剧作方式。这个故事就是靠着犯蠢来推动剧情的，浪费了有趣的创意和设定。就算最后口号喊得再响亮也盖不住空洞的故事。导演说为了避免反派脸谱化做了很多设定，恰恰最大的反派陈塘百姓是最脸谱的，跟银河一个德行，群众就是恶的化身。,3.0,158,喵老师2333,26794435,2,Neutral,哪吒之魔童降世
喜剧部分全程滥梗，角色设定也接受无能，制作完成度确实可以，基本抵消。观感其实跟银河差不多，审美相当，只是方向不同。,3.0,116,皮革业,26794435,2,Neutral,哪吒之魔童降世
"比白蛇缘起更成熟，国漫又进步了！！！又燃又有内核，打戏，画面，人物表情，人物性格的塑造和心理建设，都堪称完美。
“是魔是仙，我自己说了才算。”“我命由我不由天”
“若命运不公，就和它斗到底!”
天生倔强，打破成见，这，就是哪吒！",5.0,416,开启学霸模式,26794435,1,Positive,哪吒之魔童降世
好厕的审美，哪吒爆改父爱如山，可怜天下父母心，这个跟孙悟空棒打鸳鸯拆散唐僧和白骨精有什么区别…,1.0,86,种树,26794435,0,Negative,哪吒之魔童降世
敖丙好帅好苏啊……我对这种类型的男二简直无法抵抗……,5.0,39,红豆♥,26794435,1,Positive,哪吒之魔童降世
“作为新晋的国产动画旗手，我们希望新晋的黑马不止于利用好莱坞式的叙事方式来讲述东方神话，而是希望它可以在主题、在美学、在技术上有更加深入的开拓和探索，而不仅仅只是传达单一讯号——我们和好莱坞的差距，正越来越小。”,3.0,66,电影拼图,26794435,2,Neutral,哪吒之魔童降世
这件万龙甲啊，太沉重了。敖丙带着全体龙族的希望，义字当先就这样冲进天劫了，最后只剩一缕小烟魂。实名请求封神宇宙给我龙族一个好结局，别再虐了。个人感觉龙族副线比主线更出彩。加油啊，封神宇宙。,4.0,48,木由,26794435,1,Positive,哪吒之魔童降世
"为了迎合市场拍大团圆合家欢主流电影，“削骨还父，削肉还母”都没了，哪吒也就不再是哪吒，只是打着“哪吒”旗号讨好广大家长满足各位中二孩童的低幼片罢了。
更别说其中各种尴尬的笑话，还有那句“我命由我不由天”。
看到一条评论写得好：“大圣归来不再大闹天宫，魔童降世不再闹海自刎。是时代的反骨逆鳞被拔除了，我们都是龙宫里的老龙。”",3.0,35,手肿咋办,26794435,2,Neutral,哪吒之魔童降世
看完此刻真想把我买的2的票退了。这部动画不是应该有很多小朋友看的吗？为什么很多油腻的笑点……为什么口吃会被做成贯穿全片的笑点？有一个出现几次的尖叫胡子大汉，弹幕要么是骂「臭娘们儿」，要么是说「这也得搞个LGBTQ，烦人」。我如果将来有小孩，我不想让我的孩子从小看这种教人怎么嘲笑歧视别人的动画。一切最后归于一句我命油我不由天。有些能共情哪吒曾经被人误解孤立排挤的人，却在同时笑话口吃的人和厌恶声音很尖的胖男人。最后的大吼「这是爹教我的道理！！」就……好的爹也有很多，喜欢爹的故事可以新写一个，非得洗白李靖这个爹吗？哪吒这个形象最鲜明的「析肉还母，析骨还父」没有了。唯一会心一笑的只有《三维弹球》那个画面，叹息。,2.0,44,燕仰,26794435,0,Negative,哪吒之魔童降世
冥冥中有股党性...,3.0,31,XU,26794435,2,Neutral,哪吒之魔童降世
如果我们国产影片的对白台词继续这样低级趣味的尴尬下去；如果我们树立的国产男孩形象再继续走这种小大人、没教养、我最牛逼、目中无人的路线；如果我们继续用今天影视圈的品位和文化底蕴糟践神话和历史人物，那么电影院有一天也会成为工体，成为一个不能带孩子沾染的地方。,1.0,278,KURE,26794435,0,Negative,哪吒之魔童降世
咱也不敢说，咱也不敢问,3.0,41,文森特九六,26794435,2,Neutral,哪吒之魔童降世
又一部好设定、烂剧本的国漫典型，长板效应在暑期档再次戳中了观众痛点——《哪吒》的剧作缺陷和胜利曲线几乎和《大圣归来》如出一辙。讲的是逆天改命和打破成见，中式超级英雄的反叛内核总能和时代情绪呼应。把全副精力都放在视效和燃点上，可幽默感是尴尬且失效的，故事细节和转折也难以推敲，从而让亲情与友情的元素变得非常羸弱。回想这些年的国漫爆款，独树一帜的还数《大护法》。,3.0,44,晚不安,26794435,2,Neutral,哪吒之魔童降世
故事讲得很出彩，实现得也很好。但有一些对白好像刻意的降低了品质感，我觉得不必要。总之加油。,4.0,24,草威,26794435,1,Positive,哪吒之魔童降世
耐飞上看了。剧情和人物塑造都非常失败，我命由我不由天的主题，表现极其生硬，填鸭一样把这个意思强加给观众。前半部生硬搞笑，后半部主题没能升华。哪吒自始至终是一个非常自私的人，他的动机根本不是拯救苍生，而是证明自己不是坏蛋。证明不了，那就破罐破摔。至于说动画特效，也就是好莱坞直接DVD发行的3D动画片水平吧，连院线都上不去。很多搞笑桥段，慢动作，镜头扭转这些技巧，都是直接照抄美国动画片。中国故事，却充斥各种西方风格的笑料，没有个性创新不说，看上去也很违和。不知道为什么给那么高的分。顺便说一句，英文配音超可爱的。感觉看了英文版，反而比中文版违和感觉要小。,2.0,29,FluorineSpark,26794435,0,Negative,哪吒之魔童降世
没有自杀报复的哪吒和被抽了筋的龙一样,3.0,41,咕哒政可可,26794435,2,Neutral,哪吒之魔童降世
真想一厢情愿地认为这是封神宇宙的开端,5.0,46,EAZIN,26794435,1,Positive,哪吒之魔童降世
虽然这部电影的本意不在此，可是李靖和哪吒之间改成了和谐美满的父子关系，这故事原有的基调差不多就等于是毁了——当然，你可以说，就是想走出老版那种阴沉基调讲一个全新的美式的对抗众人刻板偏见的青春成长电影。（但是西皮还是可以磕一磕,0.0,35,.,26794435,0,Negative,哪吒之魔童降世
在重庆的影院 人们随着太乙真人的四川普通话哈哈大笑  这样就很好啦   （当然我还是更喜欢经典版本的哪吒  那才是“我不连累你”和“不认命”的真正模样 在我心里 哪吒和大圣是比哈姆雷特还伟大的悲剧形象,4.0,34,小伙锅,26794435,1,Positive,哪吒之魔童降世
熊孩子恐惧症患者慎入,4.0,37,仲曰,26794435,1,Positive,哪吒之魔童降世
我看哪吒，就是抱着观察代沟的角度去看的。因为票圈零星金句所代表的片子主题，不出我所料，一定会打动网络时代活在众人（庸众）普世价值观“无所不在凝视”之中、想要喘口气做回自己（有没有自己另说）的乖顺年轻人的心灵。片子把这个故事所蕴含的原本直刺中国传统文化中最隆重的父母与孩子关系的惨烈故事，柔化成了带入感极强、（小）中产、乖孩子主流心态的父母关系中，做自己，善战胜恶，父母、师傅为孩子奋不顾身………一部不错的主流商业片，为了支持国产动画片，我不后悔花钱买票进影院。对我来说最有趣的，是观察今天能说服年轻人的场景想象、像素精度，以及中国动画片如何在迪士尼和日漫夹击中慢慢摸索自己审美语言的那个过渡………,3.0,25,fwb,26794435,2,Neutral,哪吒之魔童降世
看预告时，我以为丑是最大的雷点；看完电影，丑是最无关紧要的ooc。这个故事和哪吒毫无关系，那个小混混我也绝对不认。,2.0,361,七幺幺没有七,26794435,0,Negative,哪吒之魔童降世
电影中有很多令人感到不适的关于屎尿屁的低俗笑料，还有一个胡子拉碴的娘娘腔🤢，太乙真人变成了令人厌恶的胖子，还生怕大家没有把他和猪想到一起，给他量身定做了一个猪当坐骑🙄。各种魔改哪吒及相关人物的设定，哪吒从灵珠子转世变成魔丸转世，从清秀的美少年变成了一个长着黑眼圈鲨鱼牙的熊孩子，以前不管在哪个版本里面都是哪吒鲨了敖丙，现在变成了哪吒和敖丙手拉手好朋友，甚至在某种程度上相当于孪生兄弟，李靖从一个厌恶哪吒甚至导致了哪吒自鲨的父权角色变成一个深爱哪吒的好爸爸，和哪吒父慈子孝，把哪吒的故事核心内容都删完了，哪吒最终还能自己解锁三头六臂的法相，导演的脑洞真是令人佩服😅😵😫,1.0,77,兰章玉砚,26794435,0,Negative,哪吒之魔童降世
精致，也抓人，但观感微妙。迪士尼拍出这个可以给五星，中国人不行，中国人知道哪吒到底是怎么回事，不管怎么感人，哪吒能给爹学背书吗？,3.0,106,Eureka A.O.,26794435,2,Neutral,哪吒之魔童降世
和喜欢这个的人坐不到一桌，就算特效做再好剧本烂也是烂片,1.0,73,口袋纽特,26794435,0,Negative,哪吒之魔童降世
戏说不是胡说，改编不是乱编。动作打斗行云流水一气呵成，技术层面也几乎无可挑剔，最主要的是这次的故事比之前的几部国产动漫都扎实了不少，没有糊弄观众。对权利的解构和重塑，阴阳善恶双生双克的设定，以及对“宿命论”的彻底颠覆，这跟《悟空传》里的空喊口号又不一样，笑点燃点都抛得恰到好处，对于人物性格和神态的塑造也十分得体且合乎情境。很乐于见到华语电影人/动画人对“封神”这个奇幻大IP下手，恭喜彩条屋终于硬气了一回。三星半，加半星鼓励。,4.0,47,朝阳区妻夫木聪,26794435,1,Positive,哪吒之魔童降世
身为哪吒爱好者有些不能忍受这么多周星驰梗的化用，伴随主题上完全的悟空化，私心减一分。不仅是哪吒敖丙的正邪对立在中途来回180度翻转，李靖乃至百姓等人的立场也完全摇摆不定，剧情完全服务于个人鸡汤励志主题，相比起来，一反剔骨割肉的李氏一家相亲相爱反而还显得比较无可厚非了，毕竟是父母出票钱带小孩来的，你还能让他们演什么呢？,3.0,20,离净语,26794435,2,Neutral,哪吒之魔童降世
十星！！！！都去看好吗！！！！！！（喊到破音！！！）,5.0,35,张春[阿卡纳],26794435,1,Positive,哪吒之魔童降世
很成熟很好看的作品啊。美术，制作，人物塑造我都很喜欢。,4.0,61,邓安庆,26794435,1,Positive,哪吒之魔童降世
“我命由我不由天”，可是后面跟着一句“这是爹教我的道理”。搞笑学周星驰，画虎不成反类犬。台词与配音都不行，尤其解释性台词过多，颇碍观感。特效做起来了，但本质商业视觉奇观与游戏化，还很土。人物立不起来，要么脸谱化要么智商捉急。当然，最恶心的自然是价值观了。将“剔骨还父”改成“二十四孝”，怕是真正意义上对中国传统的回归。而我厌恶憎恨这传统，要我就改成哪吒弑父成魔。元始天尊真垃圾，一开始灭掉那个魔丸不就没事了嘛，整部片就是一部无聊闹剧。还有，在周氏喜剧里出现如花就算了，二三十年过去了，外表壮汉般的娘娘腔在电影里依然作为笑料陪衬，主创们都给我去死，请别再消费LGBTQ群体。我错了我就不该看的我真的再也不看国产片了操。,1.0,66,赛林,26794435,0,Negative,哪吒之魔童降世
"三星剧情，五星的制作。四星平均。
我非常非常反感最后一幕所有百姓跪在地上的情节，让我想起美恐 cult那一部，制造恐怖，然后制服它，大众归顺与你。
比美恐更甚的是，这一部居然大众还下跪了。服了。",4.0,25,亲爱的桂花树,26794435,1,Positive,哪吒之魔童降世
技术上很成熟了但是…,3.0,94,我对你的无语简直能沉默整个宇宙,26794435,2,Neutral,哪吒之魔童降世
太乙真人骑着猪做丑角？李靖哪吒父慈子孝？削骨还父削肉还母呢？哪吒敖丙组cp？要搞国潮超英动画捞钱，你有本事原创IP和人物啊，魔改经典算什么好汉？而且，把反父权大旗改成我命由我不由天的鸡血口号，心地是大大的坏——很多后浪以后就只认这个哪吒了。,2.0,38,小广,26794435,0,Negative,哪吒之魔童降世
三星，前半段三星，后半段四星。,4.0,19,艾晨,26794435,1,Positive,哪吒之魔童降世
技术完美。但我觉得“哪吒”是一个“我不要”“还给你”的人物，而不是吒儿这样和解、回归、圆满的角色……,4.0,34,隔壁家的桃太太,26794435,1,Positive,哪吒之魔童降世
剧情真的很弱智。,2.0,47,屠椿,26794435,0,Negative,哪吒之魔童降世
粗俗过了。,1.0,44,crusader,26794435,0,Negative,哪吒之魔童降世
再一次警告中国电影人，不准这样做电影了！不然还得花电影票钱！不可以！要坚持做烂片，不要又逼我花钱走进电影院！,4.0,27,阿巴厮,26794435,1,Positive,哪吒之魔童降世
虽然这个身份政治故事前半段也蛮好看，尤其哪吒的神态很传神，但这不是真哪吒，我还是无法接受不弑父的哪吒和父爱如山的李靖。大荧幕上是不是再也不允许弑父了？这个电影再次证明我们所有人都被阉割了，因为连力比多的化身永恒的少年哪吒都被阉割了，变成了古希腊悲剧人物和迪斯尼英雄🤷♀️,3.0,14,drunkdoggy,26794435,2,Neutral,哪吒之魔童降世
"我一直觉得中国古代神话能称得上传奇的只有两个人物
一是猴子 一是哪吒
百世蕴灵育出只石猴 大闹天宫腾云驾雾
三年怀胎生了个哪吒 东海屠龙翻江倒海
可以说 除了这两人 没人再能当得起离经放纵四个字的
但称得上悲剧的 约摸也只有这两个
一个五行山下压五百年 揭了封印 戴上金箍无悲无喜 拜佛西天 唤孙悟空
一个削肉还母剔骨还父 塑了莲身 站上火轮无怨无恨 封神南门 号三太子
这尘世最擅长的事 大抵就是抹杀疏狂者的落拓 磨平豪纵者的傲骨 斩灭叛世者的孤妄",5.0,53,听说爱很美味,26794435,1,Positive,哪吒之魔童降世
华夏是孝道文化，但哪吒闹海是我的最爱：骨肉还给你，人格、精神永远独立。任何文化唯有保持对峙的紧张状态，才有可能革新、前进，歌颂父权是什么鬼？这不是我的哪吒，这是向钱看的辣鸡，负分滚粗,1.0,225,西风独自凉,26794435,0,Negative,哪吒之魔童降世
不好看，不要浪费时间。画面制作再精美，也只是表现形式。国内不会再有描述人性的好作品了，政治干预太严重。原本对天地君亲师的反叛，变成了亲情友情包围下对命运的挣扎。,2.0,190,陌生的天花板,26794435,0,Negative,哪吒之魔童降世
犯了和陈凯歌版赵氏孤儿一个毛病，把原著里最激烈的人性冲突给剔除了。,3.0,32,贝果在唱歌,26794435,2,Neutral,哪吒之魔童降世
此评价代表一位刚陪一位沉迷西游记数月的五龄童看完电影的老父亲的感受。孩子笑得开心，为父老泪纵横。,5.0,62,大头绿豆,26794435,1,Positive,哪吒之魔童降世
从商业的角度来说，这部《哪吒》是非常出色的。毫无门槛的故事让这部电影适合每一个人，与命运抗争的主题与亲情等主流价值观元素的调剂，让这部《哪吒》的火热成为必然。可是这也让电影变得十分烂俗且流于表面，像是一篇没什么水平的起点网文。作为一个79版《哪吒闹海》的忠实粉丝，看到哪吒这个角色本身所带着的反抗父权的寓意和革命性在这部电影中被剧作上的主流价值观所消解的时候，心里还是很不是滋味的。哪吒这个角色不该是单纯的叛逆的象征，哪吒的父母也并不只是一对苦口婆心的父母那样简单。1979年时，《哪吒闹海》横空出世。彼时的主流动画作品，如《大闹天宫》和那部《哪吒闹海》，都带着那个时代独有的“与天奋斗”的革命色彩。尤其是《大闹天宫》颠覆性的将结局改成了天庭被推翻。而这部从各角度来看都实在是太...迪士尼了。,2.0,35,伊苏林迪竹节虫,26794435,0,Negative,哪吒之魔童降世
陪孩子看完。别的不谈，叙事层面真的比不过79年的《哪吒闹海》，那一版人物性格分明，情节发展脉络清晰，且同样是反抗主题，79版电影反抗的对象是清清楚楚的。然而这版里的哪吒到底在反抗什么？感觉从开始到结束一直在变来变去，只有母慈子孝反而被演绎得比较生动。其实从哪吒这个人物形象的变化中，是可以看出很多问题的，比如编剧如何处理“异质的存在”？至少在这版中，我看到的是被天命异质化的哪吒在不断希求被主流接纳，这其实是一种非常保守（平庸）的态度。40年过去，这就是改开的阶段性成果吗？,3.0,22,黑伞,26794435,2,Neutral,哪吒之魔童降世
皮相做的还不错，观感体验也还行，但是依然没有真正吸引人的内核。动漫最吸引人的东西恰恰缺席了。,2.0,191,小四川,26794435,0,Negative,哪吒之魔童降世
太棒了👏有智商 有逻辑 有意思 希望票房大爆！改编的颠覆又相当合理，冲突和感情都不平面，感觉很多部分有漫威的影子。,5.0,65,Cosine 万一,26794435,1,Positive,哪吒之魔童降世
真是过誉啊，技术和预算都比《大圣归来》高了不少，但缺了《大圣》最成功的那一股劲儿。谁也不敢得罪，又把故事做得太复杂，一口气出不来。如果能爆，也只能归功于这个撤片档实在没片看吧。,3.0,163,SydneyCarton,26794435,2,Neutral,哪吒之魔童降世
周星驰式幽默是将搞笑段子甚至金句穿插在它注定应该属于的地方，而不是那样毫无章法的堆砌和滥用，网络用语和段子的大量使用削弱了原本古代背景的合理性，是一种极其讨巧的心思，打着迎合大众的恶趣味来达到现象级作品的目的，忽视了一个作品应该有的那些基本要求，这是对自己和对观众双方的不负责。,1.0,224,滿神的異教徒,26794435,0,Negative,哪吒之魔童降世
单看故事感觉还可以，但是放在哪吒这个人物身上，这个改编其实是舍弃了人物身上最大的悲剧性的,3.0,42,Hey LIoyd,26794435,2,Neutral,哪吒之魔童降世
电影交流会上一派喜气洋洋的氛围。导演说让这部电影成为国漫崛起的代表，而我觉得最多凑个国漫复兴，血统不纯何谓“国漫”？另外只有我一个人觉得电影三观扭曲吗？主角形象另说，台词轻浮，情节丑恶低下：百姓因恐惧哪吒装死跳进真棺材，逝者横尸大街还抢人家符咒？？放屁没完没了还要反派没完没了吸？？娘炮和残疾人也能没完没了搞笑？这部电影我果断不能买单。,2.0,257,里里里里奥,26794435,0,Negative,哪吒之魔童降世
与其说“表达xx”不如说“如何快速令人以为我们在表达xx”，一部不曾构建任何东西的混乱非电影,1.0,36,╲│┼│╱,26794435,0,Negative,哪吒之魔童降世
自古红蓝出CP！虽然对“我命由我不由天”这种主题还蛮疲劳的~｜电审动字［2019］018号,4.0,43,Nemooo,26794435,1,Positive,哪吒之魔童降世
我不明白啊朋友们，这跟喜羊羊大电影有什么区别……,2.0,28,故作冰天跃马行,26794435,0,Negative,哪吒之魔童降世
38.9。低级笑点尬到逆天，口号喊得震天响，嚷嚷着要摆脱成见却以成见作笑料，“娘娘腔”“口吃”加深成见，睁眼说瞎话，魔就得丑，这是歧视，中二且愚蠢，李靖就该大义灭亲，袒护不是爱是自私，龙傲天雄孩子嚷嚷我命由我不由天搞不搞笑，我爸是李靖，再说天命给你是灵珠，被申公豹偷走，弃恶从善做英雄顺的不就是天命，口号逻辑都是错的，导演嫌弃哪吒深入人心的精神是糟粕，却偷走人设给被哪吒抽筋的龙太子，还逼你嗑他俩cp，吃相如此丑陋，可怜了哪吒，,1.0,21,悲辛無盡獨行夜,26794435,0,Negative,哪吒之魔童降世
彩条屋这些动画能不能少点浮夸，多点扎实？角色表演全学好莱坞动画用烂的那套，剧作跪舔周星驰，双重献媚的垃圾，闹心。,1.0,43,塔塔君Minkun,26794435,0,Negative,哪吒之魔童降世
还行吧，作为最后一批豆瓣观看了本片的观众，谈谈这部电影优点缺点，本电影最大的优点就是颠覆，颠覆以前所有神话故事和电视剧的人物形象，以前的国产剧讲究好人没理由的好，坏人没理由的坏，这部看完给我最大的感触是敖丙反而是全片最正常的人？一个有血有肉的高富帅，敖丙拿的不是小龙女的剧本吗？缺点也很明显，主角一家很欠揍，哪吒有点像戴着大金链的东北小混混，没脑子、喜欢讲义气、爱面子、别人说啥他信啥，一言不合就干架，自暴自弃的病秧子。而哪吒的父亲本片感觉非常的阴森诡异，表面上正人君子作风，实际一股搅屎棍的作用。太乙真人则成了猪八戒人设，总之猪八戒什么性格无缝对接就完事了，申公豹则成了屌丝逆袭遇到社会不公的悲情人物。我看完一度怀疑这部电影的真正主角是敖丙！另外的缺点是笑点太尴尬，求国产动画不要再追求屎尿屁了。,4.0,16,adakenndy,26794435,1,Positive,哪吒之魔童降世
79年的哪吒是非分明，为了明理不怕挑战父权君威，为了不连累他人，硬气的割肉还母剔骨还父也要执着他认定的事理。40年过去了，19版的哪吒只有哪吒的反抗，却丢了哪吒为何要反抗，没思想内涵，又一部毁传统文化的IP电影,1.0,64,那么倔强,26794435,0,Negative,哪吒之魔童降世
其實是兩個小孩為長輩贖罪的故事。哪吒困境的本質是「被誤解」，這開始於太乙真人的疏忽，又因父母無瑕陪伴，哪吒被強化為缺愛的怪獸。後來父母用「善意的謊言」，擅自作主延緩危機的到來，但哪吒始終需要獨自面對百姓的敵意。敖丙，則生來就被當作機器來培養，目的在於提升父輩的階級，完成師傅的權力翻轉，他變得如同修道士般禁慾（甚至還說出了「懺悔吧」這樣基督教意味的台詞）。很奇怪，哪吒得知真相後，瞬間就通曉了大道理，譬如「命運」和「自我」之類，拯救了全部人之餘，也寬恕了父母，背後道理類似中國家庭的哲學：只要子女成了功，什麼都好說，所有怨恨都可以一筆勾銷。,4.0,14,林西拿,26794435,1,Positive,哪吒之魔童降世
一，商业片要求轻松和笑点OK，但我们有没有资格要求幽默更加高级？二，原作作为古典文化中难得的对传统和父权的解构反讽之作，如此的现代「再解构」，难道不是把它「退回去」了？,2.0,64,梦魇马戏团,26794435,0,Negative,哪吒之魔童降世
很娴熟的商业片，反面人物的塑造也细腻丰满，很难得。鸡蛋里挑骨头：动作场面过多了些，看着累，周星驰式的悲情喜剧元素太老套，核心价值观延续大圣归来，略显简单生硬。,4.0,18,Laputa,26794435,1,Positive,哪吒之魔童降世
网络段子对本片的伤害是巨大的，除此之外，这片到底想说啥呢。,3.0,125,過期罐頭,26794435,2,Neutral,哪吒之魔童降世
看哭了呀。。。期待“封神宇宙”（真的有吗？）,5.0,41,天蝎小猪,26794435,1,Positive,哪吒之魔童降世
不太喜欢这部戏里太乙真人的设定，低俗梗比谐音梗还要扣钱。打斗场面很加分，终于不是一个大招打赢boss的局了。只是那盘在一根根柱子上的龙，天庭怎么就这么理直气壮让他们数年如一日地在不见天日的地方镇压坏蛋啊，能不能轮个岗…,4.0,25,喵咪戴戒指,26794435,1,Positive,哪吒之魔童降世
所以最后龙族怎么样了？,4.0,16,周沐君,26794435,1,Positive,哪吒之魔童降世
泼个冷水，“哪吒”的模式其实还蛮网文的，穿插着各种不合时宜的现代烂俗梗，尤其是在各种隐藏“大战”（封神战）、“等级”、“技能”术语悄然而过的瞬间，就令我不止一次地回想起无数个躲在被窝里偷看网络小说的夜晚，可惜现在早已不是这种年纪。“哪吒”的技术固然是无可挑剔的，然而故事略中二，深度如爽文，人物看似反传统，但其实又套路得可怜，逆天改命这种写烂了的东西大家是看得太少吗？就不要去妄想什么暗黑神话颠覆改编了，一切都是为了服务“画面”二字。,3.0,35,RUNE,26794435,2,Neutral,哪吒之魔童降世
3.5/5。很有意思，“改剧本”成为银幕内外双重的指涉，哪吒的典故被注入邪、丧、敏感的人格特质，对新的观众重塑新的神话偶像，类似漫威雷神之于索尔。有个时刻我认为要向父权开炮了，但没有，和白蛇一样，调转枪口，对准“愚民”的成见，权力是隐含在人情关系中的，是亲情和友情，成为赋予情节合法性的动力，真心为你，让“不认命”的燃，在中国式权力语境内，有了悲壮的内核。尽管有诸多超英片的影子，但高水准的制作（神笔马良式的奇观，还是运动主观镜头），让人感到年轻创作的商业野心，就能用网游画风做出A级效果，包括插科打诨和彩蛋。,4.0,16,censored dump,26794435,1,Positive,哪吒之魔童降世
2025.01.31 非常不落俗套。印象很深刻的是哪吒从脖子上解下乾坤圈却又戴在手臂上，说 不然会失去意识的——成长中一个重要功课就是学会克制和自我约束。,4.0,33,Bunny8's life,26794435,1,Positive,哪吒之魔童降世
仇父的哪吒终于被父爱感召，找到了自己。爸爸去哪儿？爸爸归来。真是时代写照。唯一打动我的细节是，群龙抠下身上的鳞片，带着血，交给敖丙，做成一件华丽的衣服。这是凤凰男的痛——举家亲戚每人抠出一点血汗钱，给敖丙在北京凑个房子的首付。这是我们这个时代的故事。,4.0,11,Y2K-nostalgia,26794435,1,Positive,哪吒之魔童降世
其实够不到四星，但它在完成度和视觉想象力的基础上相比之前几部高口碑国产动画都更有主题深度，但又有所顾忌，既不愿意一黑到底，也想不出情节做升华性的诠释，编不下去了就把最内核的价值冲突留到彩蛋里甩给下一部，结尾则利用共情过渡到主流价值完成和解。喜剧思维也过于低级。,4.0,24,🌵🌵,26794435,1,Positive,哪吒之魔童降世
不必对比什么 作为里程碑他已经无敌,5.0,48809,电子梦,35267208,1,Positive,流浪地球2
仿佛被绑在过年的饭桌上，喂了满嘴仁义道德…………,2.0,1513,妮妮小豆,35267208,0,Negative,流浪地球2
2019年看第一部的时候就想着，回国之后如果能在这样的剧组工作就好了，结果今年就真的在这部的片尾字幕了。🥰与有荣焉。今天很想念组里的朋友们。,5.0,34834,DrunkenPeach,35267208,1,Positive,流浪地球2
“这是俄罗斯的型号，没有安全保险，只有两个扳机。”→ ★ ★ ★,4.0,29795,百年幻影,35267208,1,Positive,流浪地球2
三星半。郭帆拍片的恳切，在场景设计和视效的细腻度上，被展现得淋漓尽致，又一次拉高了中国科幻作品的工业水准。雪健老师依旧老辣，刘德华则收获了近年来最有挑战的角色。可惜的是，这部续作在叙事层面太过松散，刘培强、图恒宇两条主线并行，还要给周喆直超大篇幅，以至于情节取舍变得犹疑不决，这对节奏先行的科幻片来说是大忌。角色的篆刻比重，是该系列在未来第一优先要做的功课。,3.0,14076,HarperDie,35267208,2,Neutral,流浪地球2
故事冗长且稀碎。想讲的太多，一样都没有完全说清楚。我全程给我妈讲解，坐我旁边的也在全程给他妈讲解。其实2044年那段没有塞在这部里的必要。关于生命和文明，现实和虚拟，只有标签和口号，没有智性的讨论。全程就是看一群固执的爹抗拒自然，不被任何人和事说服甚至动摇，强行按自己的意志支配地球和地球上的所有生命，并称之为「勇气」，前脚才感叹「人类把最强的密码用在了互相攻击的武器上」后腿就把人类分成「我们的」和「你们的」一面想当老大「我们比你们其他任何人都要正确伟大光荣，听我们的就对了」一面装和气「我们是为全人类考虑，是在（为我们伟大光荣正确的决策所造成的后果）承担责任，不是想搞强霸」，全片刻意制造的笑点，都没有这种又啥又啥的自我矛盾好笑。,3.0,5539,小斑,35267208,2,Neutral,流浪地球2
刘德华那条线，给整个电影情节优化了不止一点儿，尤其是溺水后推开门的那一刻，我瞬间：“这是国产电影能有的剧情吗？”,5.0,33650,关山难越,35267208,1,Positive,流浪地球2
刘德华那条线有点儿意思，为这个系列电影开启了新维度。太长了，删减强制煽情正能量能短30min。,4.0,26971,崇魔媚沪的王黑,35267208,1,Positive,流浪地球2
没有预期好，就是个纪录片，情节太平淡。最佩服李雪健，屁事都没做，什么情况都不知道，就他信心最足，信念坚定，要真都他来做决定，都得玩完。,3.0,4430,michaelz,35267208,2,Neutral,流浪地球2
宏大又空洞，前卫又土气,3.0,2837,如魚,35267208,2,Neutral,流浪地球2
"《流浪地球》系列，单枪匹马，把中国的科幻电影提升到世界级水平。
这不是老套的个人英雄主义冒险故事，而是一个宏大的全人类史诗。
但是，173分钟的片长，三条缺乏交互的故事线，慢热的节奏，劝退路人的冗长数字生命线，确实是讨好了影迷与科幻迷，可无疑也是提高了对广大路人的门槛。
豆瓣用户狂吹刘德华线，但电影院里刘德华线却让很多观众低头玩手机。
2023年1月22日，刘培强先生，生日快乐！
可能也就世界末日了，房价才会跌。
最后，这不比《阿凡达2》的家庭伦理与美式霸凌好看?",5.0,27218,长河落日圆,35267208,1,Positive,流浪地球2
看到沙溢扮演的师傅喊出五十岁以上的出列时还是忍不住落泪,4.0,15231,特凡人,35267208,1,Positive,流浪地球2
我的建议是，把网络服务中心迁移到高原上来,4.0,12737,momo,35267208,1,Positive,流浪地球2
四星半。《流浪地球2》比第一部进步很多，并将国产科幻大片提升到了前所未有的高度。世界观足够硬核，动作场面与特效更加恢弘也更加细致，尤其是对太空电梯的呈现，太惊艳了。剧作上也更扎实了，两次大型危机（太空电梯危机、月球坠落危机）、两种理念冲撞（数字生命计划与移山计划）、两个一体两面的主角……冲突线明晰，人物群像立体。同时，周喆直就是新时代的愚公，难怪这个角色要请李雪健老师来演。影片对愚公移山这样的中国精神有了更加丰富有力的传达，这也是区别于好莱坞大片的根本所在。,4.0,11922,居无间,35267208,1,Positive,流浪地球2
笨笨！！你是军犬！！,5.0,19973,水逆退散,35267208,1,Positive,流浪地球2
我看有些人说又红又爹，感觉确实有点儿。但是点完头我又想，美国哪部电影不是又“蓝”又“宇宙第一”？,5.0,9820,玛丽莲萌鹿,35267208,1,Positive,流浪地球2
野心满满，想讲的东西太多了，叙事节奏反而就出了大问题……整成了编年史,4.0,5232,Made in Heaven,35267208,1,Positive,流浪地球2
纯直男视角，无趣级了。女性是妻子是母亲是女儿，但不是战友。女性发言人角色连群像塑造都不算，顶多是个符号，女性宇航员是背景，韩朵朵本以为有更大的功能，结果后面只是结婚生了个孩子。,3.0,3513,迷迭香,35267208,2,Neutral,流浪地球2
特效五星，创意五星，但是作为女性，我给它扣两星。图恒宇开车转头导致妻女车祸身亡，他却只对女儿思念愧疚追忆，妻子仿佛就是生育工具，此后只字未提，为了女儿还多次置拯救人类大事业于旁，强行凹父爱人设讨人嫌。韩朵朵作为本片中一开始与刘培强两人强强组合的女性角色，最后也安排了一个相夫教子，得病去世的结局，沦为体现刘培强铁汉柔情好丈夫好爸爸人设和走上英雄之路上的重要工具人。还有多次巧合的卡时间成功发射和成功启动来制造紧张感，让人略感不适，巧合多了反而弄巧成拙。,3.0,1345,DJLily,35267208,2,Neutral,流浪地球2
放几年前，我会跟着愤青一起骂，骂故事写的不好，骂节奏，但其实我的阅片量来讲根本不懂这些。无非就是跟风黑，显得自己多专业一样。现在呢？有一部电影3个小时让我不困，让我感慨，让我跟着它的思路去走，还能看到中国电影人走向世界的野心，就已经足够了。,5.0,8295,一叶小江南,35267208,1,Positive,流浪地球2
当年看完第一部还是蛮喜欢的，觉得它试图在人类的有限里去探索一种无限，尽管这有很大的自我感动的嫌疑。但是这一部看完，不适的观感进一步加重了，尽可能放大所谓人类的情感联结，但是全片看下来超级累，满脑子蹦出来的都是四个字：大而“无用”。大之一，在于肿大，叙事上感觉特别冗余累赘，三条线串联得很笨，松散且有点重复。大之二，在于自大，甚至于接近膨胀的各种主义情绪滋生，这点就不展开说了。大之三，在于夸大，夸大的美学和场景设定，左淹自由女神像右爆悉尼歌剧院，东方明珠只露了个塔尖，鸟巢已经沉入海底了，大裤衩却只淹到脚底，当然这也并不影响啥，但就是觉得，没啥必要。而且，对所有一见面就揶揄女性自以为好笑的直男台词感到反感。工业层面看自然是无懈可击的，第一步也已经迈出去了，但总归是觉得，好像有点使劲错了方向。,3.0,1530,朝阳区妻夫木聪,35267208,2,Neutral,流浪地球2
跟1相比更加硬核科幻，但感染共情力下降了。我知道集体主义能够救世界，但太缺少末日的精神关怀了。地球都要完犊子了居然还要每个人当好螺丝钉，想想就很绝望...（我承认我觉悟低）,3.0,346,同志亦凡人中文站,35267208,2,Neutral,流浪地球2
看完了，大年初一就在电影院哭了，那种与天斗与人斗与命运斗只为了未知的未来和理想奋斗的中式硬核浪漫让人心潮澎湃。李雪健那个角色在大会的发言真的超牛，大刘笔下的科幻真是处处有着中国人特有的务实和真诚，好喜欢，这电影真的太特么牛批了！,5.0,11288,🛸,35267208,1,Positive,流浪地球2
所以为什么图恒宇只惦记他女儿。。那他老婆也是那场车祸一起去世的啊。。啊我真的是，中国女人的一生就只有母亲和妻子的身份了吗。还有韩朵朵作为一个医疗兵，连救治伤员的戏份都没有，那她存在的意义是？只为了突出刘培强是个可以保护老婆的好丈夫？,4.0,2505,见鹿,35267208,1,Positive,流浪地球2
建议前面一小时一剪没。,4.0,2512,麻薯奶油波波兔,35267208,1,Positive,流浪地球2
剧本臃肿，又不会拍。,2.0,1472,Peter Cat,35267208,0,Negative,流浪地球2
笨笨  你是条军犬！,4.0,3364,漂亮宝贝不干了,35267208,1,Positive,流浪地球2
四星+一星鼓励，值得八分以上的佳作！还有我不理解 看了会睡觉一般是不感兴趣 看了骂依托答辩的都是什么脑回路。美国拍科幻片就能泛滥煽情主旋律，中国就不能是吧。美国就能输出，中国就不能是吧。再说了，我是真没看出来有多主旋律了，要硬说是主旋律的话我认为是人类命运共同体。《星际穿越》可以有亲情，生孩子没问题，到《流浪地球》这就催婚催生了是吧?《星际穿越》里美国人可以拯救全人类，《流浪地球》里中国人就不能拯救世界了是吧?《星际穿越》里可以抛弃一大部分人类，然后一小部分人类放弃地球和太阳系去新星球生存，《流浪地球》就不能有家国情怀，带着剩余一半的人类和地球去寻找新家园是吧?我只能说戴有色眼镜去看总能在鸡蛋里挑出来骨头。当然，上述这些是我好兄弟宸老师（豆瓣可以搜到）以及我亲身经历而有的输出。,5.0,5249,一堆曲别针,35267208,1,Positive,流浪地球2
进步不应仅局限于特效，还包括如何看待女性，价值观突破和技术飞跃一样重要，真正大片是两条腿走路。,3.0,1044,shininglove,35267208,2,Neutral,流浪地球2
比第一部的视野磅礴，有更加深入的思考，尤其是刘德华的那条数字生命计划线，也是为第三部埋下的彩蛋。特别不喜欢李雪健最后点火时的迷之自信和沙溢的50岁以上出列，充斥着强烈的自我感动和群体绑架。最喜欢的人物是宁理的马兆，代表理性之光，只有在他那里，人类存在的意义和人类之于万物的地位才是最理性的。,4.0,1725,影随茵动,35267208,1,Positive,流浪地球2
好一场灾难，我说的是这个电影。,2.0,1949,炯之,35267208,0,Negative,流浪地球2
郭帆应该少看《2001太空漫游》，多看几遍《楢山节考》。,3.0,423,后自愈,35267208,2,Neutral,流浪地球2
不要破坏太空电梯！我以后要坐的！,5.0,3874,Exodus,35267208,1,Positive,流浪地球2
得分全在特效上，故事真的一塌糊涂。恨不得每场戏都是宏大高潮煽情戏，慢镜头大场面，几句尴尬的台词重复再重复，煽情可以，这一直煽仨小时谁受得了。,2.0,239,渡边,35267208,0,Negative,流浪地球2
照古人的月亮将要毁灭今人，进化后的系统阻挡人类存续。人类制造复杂的密码用于相互毁灭，也诞生伟大的文明用于股骨愈合。宇宙里的小小白点是我们的一切，移山让人类的未来有了方向，科技却让数字的生命成为了可能。我们要活在电缆里荧屏中让意识自主永恒，还是心怀蓝天让躯体等到鲜花挂满枝头的瞬间。,5.0,2427,西楼尘,35267208,1,Positive,流浪地球2
三星以下对电影不公平，三星以上对观众不公平。,3.0,1304,Kek444,35267208,2,Neutral,流浪地球2
感谢罗兰·艾默里奇的好兄弟郭帆为我们奉上的《月球陨落》姊妹篇，请让我代表全人类向剧组致敬，献上比《月球陨落》多一星的敬意 p.s. 真的有人觉得这特效是进步了吗 p.p.s. 现在看完半个小时我已经忘了发生了些啥？,1.0,1630,圆首的秘书,35267208,0,Negative,流浪地球2
绝对是亚洲科幻大片第一档，但娱乐性上跟好莱坞还是有差距。虽然这些年好莱坞的大片难看在故事越讲越小，任你宇宙爆炸也是拍家人和解，但这部又过于宏大叙事，情感上动人的点太少了,4.0,551,根,35267208,1,Positive,流浪地球2
"75分。
特效顶级，但是但凡多花1000万在编剧上，故事也不至于碎成这样。这剧本我真的敢说“我行我上”，方方正正，刚直不阿，一块是一块，互相都不粘连。跟旅行vlog一样，你看这里是太空电梯，你看这里是刘培强结婚，你看这里是月球危机，你看这是我们的互联网基地……每个感动的点我都知道导演要感动，但我始终入不了戏，不敢动。隔壁《满江红》有个热评，说“感动你的不是电影，而是满江红这首词”，《球2》也可以套用这个评论：“感动你的不是电影，而是中国的伟大崛起”。",4.0,1302,蔡小马,35267208,1,Positive,流浪地球2
刚看完，特效国产最顶，故事情节也好，演员全部演的好,5.0,4149,信了你的邪,35267208,1,Positive,流浪地球2
真难看，浪费我电影票钱，唯一一部电影院看睡着的电影,1.0,1216,柒月落落❤,35267208,0,Negative,流浪地球2
刘德华的角色充分验证了行车不规范亲人两行泪的大道理,4.0,903,HOON,35267208,1,Positive,流浪地球2
如坐针毡的三个小时，想讲的内容太多拍出来的效果却是剧情整个七零八碎，还有国产贺岁电影什么时候能少一点自以为是的“男式”幽默……,2.0,2068,绿豆糕,35267208,0,Negative,流浪地球2
"阿喀琉斯不过是为了自己的友伴帕特罗克罗斯而选择去死，执行机械起爆的老飞行员们却是为了整个人类而选择去死，并把生的希望留给下一代。这种对not to be的讲法不存在于西方传统里，是中国与刘慈欣的的大义。然而还是要借用一句荷马史诗来描绘刘培强与他师傅、上一辈与下一辈的命运传承——人类如落叶，一代代凋零，一代代繁荣。
第一幕太空电梯戏特效拉了，之后的月球戏特效真的好，身临其境。第一幕之后虽然整体结构上还是传统三幕式电影，但叙事的跳跃有了原著里的那种编年史的壮阔感。
李雪健老师的表演太好，中山装太帅
刘德华对他的角色在表演方面无可挑剔，但从剧作方面来讲，这个角色，不同于刘培强因为前作的设定只能是男性，可以写成女性角色，交给女性去演。单一的男性视角是刘慈欣作品的唯一缺陷。",5.0,2439,Reposado,35267208,1,Positive,流浪地球2
最后把地球推出了太阳系，看到一个网友的留言有点逗，他说看这个剧感受到了中国人对不动产的执念。,4.0,729,桃子汽水,35267208,1,Positive,流浪地球2
这样的电影能拍三小时就是犯罪,2.0,953,圆又圆的小狐狸,35267208,0,Negative,流浪地球2
这种“科幻大片”让人失望的地方在于，它们看似有着充沛甚至豪迈的想象力，内核却永远是保守陈旧毫无创造力的旧世界。,3.0,937,Alice小抹布,35267208,2,Neutral,流浪地球2
最让人不能忍的傻情节，当属李雪健扮演的角色结尾崩盘，举着拐棍冲着老外大喊，点火！人家老外可说了，如果没有联网成功就点火的话，行星发动机会把地球撕裂的！但你要求点火的依据是啥，仅仅是“我们的人一定可以完成任务”？我去！这还有丝毫理性可言吗？简直太唯心了吧！那这跟相信菩萨下凡或者耶稣显灵有啥区别呢？纯纯的非理性了吧！,3.0,438,毒舌影评,35267208,2,Neutral,流浪地球2
"感受到主创是如何用心用力地在努力凹成太空史诗的样子（大场面还不少），事实上无论从哪方面看都的确具有视效大片的风范，然而工业指标的进步和原著在硬科幻指数上的抗打，并不能保证一部电影的可看度——打鸡血式的价值观输出和强行灌“责任”，以及过度强调家庭的重要性，其实也是一种美式变体的舶来品（虽说也看得心累，倒也并非最大槽点）。

最难熬的不是“负责任”的假大空口号，难熬的是最后一分钟营救与煽情戏的对冲，直接稀释高潮点的爆发，原文本的庞杂体量和更多冲突原本也可以被匀到更多戏份、处理得更明晰，当然也能理解编导考虑到市场接受度做的处理，毕竟现在的成品看来已够像一篇说明论文了。

1的剪辑问题还在，两条线捏合度也不够，因而三小时经常体感混乱；结尾埋第三季的线太像hal9000了吧。",3.0,492,欢乐分裂,35267208,2,Neutral,流浪地球2
开大会爱好者，喊口号爱好者，使劲煽情爱好者。“好的科幻电影，剥除科幻par都是部好电影”。从前我以为，讲不好故事是能力问题，现在更认为原因内核在于三观态度。,2.0,328,Paige.C,35267208,0,Negative,流浪地球2
可是，过去这几年的经验告诉我们，大灾当前，人类非但不会更团结，还增强了彼此毁灭的能力。,4.0,212,赫恩曼尼,35267208,1,Positive,流浪地球2
我不喜欢“一定” 没什么是一定会做到的,3.0,1230,Wanli,35267208,2,Neutral,流浪地球2
让50岁以上领导先走！不愧是科幻片,3.0,398,xibayo,35267208,2,Neutral,流浪地球2
【IMAX版早场归来】尽管未提出或呈现全新的科幻概念/图景，但各方面比起第一部都有不小的进步与升级，观感上佳。形式与结构上，视觉特效与服化道细节的精湛用心肉眼可见，几位老戏骨都发挥出演技，剪辑不再有前作中混乱潦草的问题，三线交织的结构（分别从航天员/军人、量子计算机技术人员及外交代表/决策者的角度切入）也让叙事体量足够丰富，个人不赞同关于本片节奏慢（与“慢电影”比小巫见大巫）或文本过载（实而不烧脑且略直白，另还有平民生存与联合政府施政方式这两个层面未铺展描摹）的说法。文本深层方面，延拓并融贯了理性（数字生命，或服从/牺牲，虚拟空间，超感性彼岸世界）vs.感性（有情肉身，自保/私欲，地球空间，现世凡尘）的二项对立式。最终，要的是共存互补的人[性]，所以看似破坏的儿女私情实则成为拯救的关键一环。（8.5/10）,4.0,164,冰红深蓝,35267208,1,Positive,流浪地球2
学学减法吧……这大炖锅。电影是煲汤不是冒菜。,3.0,1419,嘛哭当拿路哆,35267208,2,Neutral,流浪地球2
不停倒计时的写法，解决了整体的节奏，但也割裂了故事的连续体验，离讲好一个故事还差一点。特效质感比上一部更好，已经是好莱坞A类大片的水准了，不愧是国产硬科幻的里程碑，只是这个价值观还停在了战狼的水平。想解决剧本问题，肯定不难。但想解决价值观输出的问题，就不可能了，这也注定了国产大片只是拍给国内观众自high的。票房这么成功了，分明是找到了流量密码，那也就没有聊这个问题的必要了。,3.0,139,亵渎电影,35267208,2,Neutral,流浪地球2
技术上非常硬核，既是前传也是对1和世界观的合理补充，终于理解了科幻不是科学，但它们是可以紧密结合的。主题上仍发挥着 “人类命运共同体”的概念，却不再是正义为先、昂扬向上的基调，变得凸显日常但同样宏大。没有中间角色，因为三条线的主角或双主角都是均匀的，每个人都有自己的故事跟命运。喜欢图恒宇和马兆那条线，对“数字生命”的解释做得很通俗，呈现的是情感、精神上的选择与对峙。电影最后还是落到情感、落到人，将中国式家国情怀一并包裹进“中国故事”的表达中。,4.0,281,大奇特(Grinch),35267208,1,Positive,流浪地球2
充斥着自大愚蠢的傲慢，强行煽情的说教，爹式的为你好和无可救药的自嗨！,2.0,304,东京铁塔的美,35267208,0,Negative,流浪地球2
特效无敌！是真正意义上有中国价值观的国际大片。三个小时的观影时间完全饱满，故事讲的非常紧凑且清晰。最后夸下沙溢哥，做到了拥有好演技，录再多综艺也不让人出戏。,5.0,742,杨迪,35267208,1,Positive,流浪地球2
2.5 / 愿意为刘德华那条线给到三颗星，但依然实在是太笨重、太粗糙、太“可见”了……堆积的特效画面之外有足够突出的视觉主题吗？走马灯般轮转的人物有深邃的面容吗？不同线索的交织除了推进故事的需求之外有内在的共振吗？这么拍下去，所谓中国科幻恐怕仍然只能成为好莱坞的脆弱否定，变成另一种被空洞的图像细密覆盖的世界，没有办法探索出更多东西。,3.0,272,寒枝雀静,35267208,2,Neutral,流浪地球2
音乐好好，特效有些地方好，有些地方好粗糙。“我们的人一定行”的类型以后别再拍了，太尬了。,4.0,606,民咕咕,35267208,1,Positive,流浪地球2
图恒宇的线超乎想象,4.0,164,EAZIN,35267208,1,Positive,流浪地球2
忘了在哪里看到的评论：中国男人味溢出宇宙。,4.0,740,Nephilim,35267208,1,Positive,流浪地球2
吐槽如下：看了三十分钟想到后面还有两个半小时很绝望；看吴京演毛头小子谈恋爱尴尬到头皮发麻；情节设置过于潦草，太多困难源于角色的腿在不同情境下被卡住；倒计时营造的紧迫感被大量注水的情节消减，比灾难更灾难的是磨叽；特效不服务于故事毫无意义，硬吹也没用；吴京线前后割裂，刘德华线完全立不住，毫无说服力，转变也很生硬,2.0,1054,paracelsus,35267208,0,Negative,流浪地球2
这部前传故事的续集电影，可不止比一好一点，完全是巨大的跨越式进步，真的是百尺竿头更进一步。从0到1很难，难在战胜怀疑从无到有开创新路；而从1到2的难在于如何给出更多的惊喜和提高标准。这次电影给出的都不止惊喜，而是震惊了！方方面面的巨大提升，以及背后巨大的工作量和所需要挑战的事物，令人肃然起敬。加油吧！期待3！,5.0,909,张小北,35267208,1,Positive,流浪地球2
强行千钧一发是我最讨厌的电影情节,3.0,356,芝士猫,35267208,2,Neutral,流浪地球2
活着是我党的人，死了是我党的数字生命。,4.0,249,无尽夏,35267208,1,Positive,流浪地球2
在一众集体主义轰炸中，刘德华那条线便显得尤为珍贵,4.0,520,劝删对我不好,35267208,1,Positive,流浪地球2
清一色的四星五星让我怀疑豆瓣是不是被买通了……真的没第一部好看啊……,3.0,1308,奔向深蓝,35267208,2,Neutral,流浪地球2
电影拍得不错。但是本人不太赞同这部片子传达的世界观：“文明”并不是多了不起的东西，只要时间够长就会自然形成，请在迷信“团结就是力量”之前学会尊重万事万物。地球并不属于人类，不要一会儿炸月球一会儿推着地球跑。,3.0,287,Coka,35267208,2,Neutral,流浪地球2
异国他乡看的电影 结束后整个IMAX的人都在鼓掌 中国牛逼！！！,5.0,2059,Yirannnn,35267208,1,Positive,流浪地球2
看的时候觉得“计划这么麻烦的话要么算了吧”,3.0,607,貓小三的意思其實是如果先生,35267208,2,Neutral,流浪地球2
走出影院我妈说：中国电影完蛋了…,2.0,639,老孙,35267208,0,Negative,流浪地球2
很多废戏，各地人民reaction切换了多次，一些讨巧的幽默很难笑，整体像有个机械的公式在反复硬套。雪健老师的政治博弈写得过于生硬板正，意识形态能塞，但如何巧妙地塞还需修炼；吴京的追妻油腻老套，师徒情凑合；德华兄出彩，情节最贴科幻，感情戏不错。全片女性分量少得可怜，视效虽震撼，但文戏的进步空间还有很多，下一部添点真•科幻吧,4.0,1150,Yuly_,35267208,1,Positive,流浪地球2
我们的人一定能完成任务，重复了好几次。你或许觉得它前后逻辑似乎不连，其实这个语汇，也就是中华民族伟大复兴的历史任务。所以台词这样写。,0.0,117,圈圈儿,35267208,0,Negative,流浪地球2
我提出拯救中国科幻计划，让郭帆拍三体,5.0,1070,bOingbOing,35267208,1,Positive,流浪地球2
如果把吴京这条线去掉，只保留刘德华这条线，时长压缩一半，这片值四颗星,3.0,1110,影君子,35267208,2,Neutral,流浪地球2
晓晞啊 你觉得我应该打几星啊,3.0,387,空空的天空,35267208,2,Neutral,流浪地球2
高于预期。但周老师全场败笔，除了会说“务必要”、“我相信”、“请相信”、“一会定”之外，没有任何实际作用。,4.0,213,wboy,35267208,1,Positive,流浪地球2
"太牛逼了，
对第一部的褒奖可能还有对国产特效大片鼓励的成分，第二部则完全是在国际水准看来都表现的极其出色，
迄今为止最好看的华语科幻片，放眼国际，十年内最好看的科幻片，
已经很久没有看到的近乎满分的商业片，
中国的独立日，不对，罗兰艾默里奇改名叫小郭帆吧，
应该，理应多得国内影史票房第一的桂冠！",5.0,1185,怀特金,35267208,1,Positive,流浪地球2
图恒宇你是一点不想你老婆啊,4.0,193,林囧囧,35267208,1,Positive,流浪地球2
中国式科幻片逐渐形成一种新的科幻类型，与西方强调的个人主义英雄价值观相悖的是，中国式科幻片核心价值观可以概括为：家国情怀、集体主义、自我牺牲、自我感动，总之就是大国崛起的叙事。,4.0,111,思郁,35267208,1,Positive,流浪地球2
非逮着“流浪地球”这一个高概念薅，结果就是核心表达相比首作翻不出什么新花样，除了把特效做得更加细致，只能强行增加故事体量，于是我们看到吴京和刘德华各自的A故事（+MOSS的B故事）让整部电影变得臃肿不堪。而在两个主演引领的故事线内部，科幻类型再次让位于动作和灾难的子类型，然而以所谓“我信”建构的最后一分钟营救尽数失效，“全世界人民大团结”的口号也越来越暴露出人类中心主义的傲慢，宏大叙事和个体情感的嫁接很难说是成功的。,3.0,159,晚不安,35267208,2,Neutral,流浪地球2
"9/10，四星半
没想到在《流浪地球》上映后喊了那么久的“中国科幻电影崛起”之后又一部能拿出手的硬科幻是《流浪地球2》
这一部作为第一部的前传不仅丰富了世界观与第一部有非常多的互文，野心非常大，已经不仅仅局限在“流浪地球”本身了，为后面的续集埋了很大的伏笔。如果是第一部的成功可以说是有巧合运气成分，那这一部郭帆真的是将自己的功力都发挥出来了，各个层面都展现了非常成熟的掌控力，绝对是中国未来最可以期待的商业电影导演。李雪健老师的角色基本没有什么动作，因为一直坐在轮椅上，但是他真的是一个用表情和台词就能完美塑造角色的演员，有几场戏穿透力太强
缺点的话可能就是太强调，试图融入春节档而加入了很多生硬的笑点，最后煽情部分有点太多了拖节奏了，总体上瑕不掩瑜毕竟是真的硬
整体跟第一部相比算得上是进化了",5.0,2738,啊咧,35267208,1,Positive,流浪地球2
突然觉得漫威，碟中谍等好莱坞大片好幼稚啊。。。当中国文化遇上科幻，足以令世界战栗。多个主题，三线推进还能交待得如此圆满。。。这次真的五体投地！！！为中国科幻电影骄傲！！谢谢郭导和流浪地球一切台前幕后人员！！,5.0,495,铿.路易斯,35267208,1,Positive,流浪地球2
我个人不允许这片子评分比阿凡达2低。,5.0,1371,小队长,35267208,1,Positive,流浪地球2
扣一颗星给价值取向吧。我幻想中末日时的中国人，不该这么自恋。如果彼时地球人还在划群而治，那真是太令人悲观了。那样我们哪也去不了。,4.0,149,乔小囧,35267208,1,Positive,流浪地球2
"人类文明的终极矛盾，是人类对人的执念与AI对理性的奢望之间的矛盾——Moss aka小苔藓 & 马兆aka浪球章北海

但是郭帆龚格尔跟大刘一个毛病，在帮助中国科幻电影工业的威慑度突破百分之98的时候，对女性人物理解与塑造的威慑度依然如一条爬行的蚯蚓……",4.0,133,水草肃,35267208,1,Positive,流浪地球2
如果刘德华的线作为主线，其他的作为辅助或者删掉，就不会有非常浓烈的主旋律基调了，图宏宇和女儿的联系以及他的挣扎是全片的亮点。音乐的运用宣兵夺主了，宏大场景和紧张时刻没有一次是没有调动情绪的配乐，更期待看到的是静默的，能让观众观看画面本身，有时间去思考，不是不停的视听轰炸。女性形象尤其是韩朵朵，工具人一个；吴京连续两次逞能占现自己的大男子主义，美名其曰“保护”自我牺牲”，都是经过了严格训练选拔出来的优秀人才，并肩作战不好吗。实际上就是已经2044年了，我国男性的思想还是停留在几百年前。,3.0,297,明明,35267208,2,Neutral,流浪地球2
科幻灾难片×赛博朋克✓正片全特么是假的，是莫斯的特效，特效的莫斯。,5.0,1586,罗斯卡娅,35267208,1,Positive,流浪地球2
"之前还以为吹的有点过头了，看完了之后我认为，除了配乐比《星际穿越》差点，这部电影已经完全达到了同一层次和水平。
说句题外话，有时候就忍不住想问一句，以前你们对中国电影痛心疾首、恨铁不成钢，现在中国科幻都已经拍到这种程度了，你们还不满意？那你们的期望到底是什么呢？
我都懒得拆穿你们的心思，不批评批评，哪对得起你们那可笑的优越感。忽略意识形态本身，我们只爱电影艺术？电影艺术？你们配吗？",5.0,696,幻听丶全球变冷,35267208,1,Positive,流浪地球2
带着喜欢1的期待来看，不及预期。2虽然肉眼可见的有钱，大量硬桥硬码的特效场面，大量全世界各地的外景，比1更“国际视野”。但最大的问题是，2的前三分之二部分，根本就没有故事啊！看起来就像是新闻集锦或者说航天纪录片，这对观众观感是致命的。1是燃点泪点恰到好处的完整故事，2则是东一榔头西一棒子，既要瞻前又要顾后，观感就是一个故事最精彩的高潮被讲完了，只能先讲讲头，再补补尾，连贯不起来。以我所见44年恐袭的前传部分根本没有必要拍，除了纯粉丝向呼应第一部，在叙事层面完全是冗余的。而观感上也令人十分难受，太空战狼吴师傅、油腻尴尬追女仔、愚蠢可笑外国人，对吴京不耐受者劝退率极高。李雪健组一开口就老外交部了，“国际政治水深火热，我方不惜一切代价排除万难”，三年疫情后对这种价值观过敏了，大国叙事味儿太冲。,3.0,657,风蚀蘑菇,35267208,2,Neutral,流浪地球2
实在不服气，这么牛的电影，用了好几年，票房居然被某些赶工俩月拍出来的电影压一头，大家快去看吧，别逼我求你。,5.0,428,阿德,35267208,1,Positive,流浪地球2
"这种完成度，比不过哪个美国大片????

不会有人喜欢了英雄史观，不习惯人民史观，就不给高分吧",5.0,390,天上飞的胖虎,35267208,1,Positive,流浪地球2
三星全部给到诚意，以及，主创团队总结的那几页纸——“拍科幻都有哪些坑”。,3.0,220,子戈,35267208,2,Neutral,流浪地球2
好在刘德华的角色也成为了这部电影本身的变量。,3.0,258,柯里昂,35267208,2,Neutral,流浪地球2
太震撼了，绝佳的视觉效果、紧凑的剧情，看的我一种汗毛倒竖的感觉，全程屏住呼吸，生怕错过任何一个镜头，这就是我们国产电影的希望，让我们的中国文化走出国门，展示我们的辉煌！《流浪地球2》的精神核心就如“愚公移山”一般，面对艰难险阻，应当以“子子孙孙无穷尽也”的信念，矢志不渝的前行，仰之弥高，钻之弥坚。李雪健那沙哑而平静的声音，彰显的正是以一种磨难中的坚定，一种永不言败的信念，这正契合了“愚公精神”，契合了中国人民骨子里的坚韧不拔。,5.0,1871,午夜心跳在加速,35267208,1,Positive,流浪地球2
应该多一些像刘慈欣这样的创作者。作品既能创造影视行业的就业，还可以拉动GDP。,5.0,177,王食欲,35267208,1,Positive,流浪地球2
三星半。还是灾难片，科幻有加强，美术的部分大有进步，但数字生命最后作为背密码的工具使用被认可了最大价值（笑，和人类的宿命殊途同归，就是工具，在这个点上写出了最后的“死士”情节不足为奇，这十年科幻片几乎是延续着诺兰建立的话语体系上写就的，本片做了模仿，但免不了用这样古旧的传统战争片桥段去填充，另外就是我不太喜欢一直用作戏用的狭隘的地域观念，国与国的区分才能写出对抗，这中间还包含着对于对立观点的片面描绘，第一场战斗是因此而生，在篇幅也可以不要。人物没有第一部做得好，顾此失彼，但第一部借人物做成了团队爽片也不行，刘培强遇到韩朵朵那么优秀的女性，脑子第一个画面是结婚生子，让人反感，结合后来刘成为孤胆英雄，韩就得了绝症，让人emmm，全片我很喜欢宁理的声音部分，真实，又让这个角色变得立体，虽然也有听不清时,3.0,148,Morning,35267208,2,Neutral,流浪地球2
关于断裂股骨的那一段台词我大为震撼，这是中式价值观。中国电影需要更多流浪地球。其远大格局对中国电影和人们的审美工业化有很重要的意义。但如果觉得这种裹挟了民族主义、宏大叙事的电影就是科幻，那说明对科幻的理解还有所欠缺。我们要想做出好莱坞大片级别的制作，肯定要走过美国人走过的这些路。流浪地球只是刚刚迈步，做到了让中文在科技感中不陌生。整个片子让人想起早起的美国工业制品。特效还是欠，可能是我要求有点高，但是太空电梯长镜头堪称一绝。我很期待它把氦闪危机拍出来。,5.0,933,江天,35267208,1,Positive,流浪地球2
生平最不喜欢别人往我嘴里塞逻辑漏洞百出的爱国英雄主义。,2.0,168,Line,35267208,0,Negative,流浪地球2
哈哈哈哈哈哈哈哈哈哈哈那条单靠男人几个世纪都上不了太空的评论哈哈哈哈哈哈哈哈哈 别太写实了我说 小心有人破防,2.0,16,momo,35267208,0,Negative,流浪地球2
为什么一定要给个剧透倒计时啊？别人家的导演都把悬念藏着掖着，这电影巴不得在危急关头告诉你：嘿！这货一定能完成任务！,3.0,313,不全,35267208,2,Neutral,流浪地球2
"有想象力，但是不多。
特别像那个笑话，皇后娘娘那么有钱，早饭得吃6根油条吧。
要干大事之前总是一段慢节奏，不知道是在等领导讲话还是升国旗奏国歌还是正在拍领导特写的新闻素材。
总而言之，像一个体制内科幻片。",3.0,162,Dec,35267208,2,Neutral,流浪地球2
沙溢堪称全场最佳！回归到片子本身，内核太庞杂了，三小时的时长都险些兜不住这过剩的文本素材——每条线拿出来都能是能单独拍几集电视剧的那种，这就让170多分钟的观影体验显得极其漫长，每当以为“这已经要结束了吧”然后导演又自信地甩出更多不加节制的奇观和煽情，关键问题就在于AI线和人类自救线之间几乎没有什么情绪积累与连接，最后一分钟营救让故事线汇集之时只剩拖时间之嫌、远远达不到一气呵成的舒缓感。但每个桥段又因为卡司的出色演出和优秀的工业水准而十足出挑，就像一顿必然吃不完的自助餐，玲琅满目得过了头，其中的矛盾代表就是刘德华领衔的人工智能线，让人时刻迷失于郭帆和大刘对人类命运的态度之中，到底该是悲观还是希望？恐怕郭帆到剪辑完成那一刻都未曾有过定数，但宏大叙事的基底已经定好，且看第三部会怎么圆吧。,4.0,331,可樂咖啡君,35267208,1,Positive,流浪地球2
中国科幻电影终于出师了！虽然逻辑细节存在各种槽点，但整体气质和大环境叙事饱满充实，视觉效果惊艳，媲美好莱坞（甚至连propaganda的形式都一摸一样）。最动人的部分依然是人最不理性的时刻，两个父亲为了家庭的牺牲，渺小与宏大的交织。看完后我很想问MOSS，你认识HAL吗？,4.0,85,艾小柯,35267208,1,Positive,流浪地球2
毁灭人类明明有那么多直接和隐蔽的方法，ai偏偏用了相当曲折但戏剧性的一种。如果不是为了研究或考验人类，实在是说不过去。,4.0,120,п，功德变现流,35267208,1,Positive,流浪地球2
我的吴京ptsd甚至都被治好了……,5.0,138,明安,35267208,1,Positive,流浪地球2
"吴京的部分太难看了。
李雪健最后强行点火充满了傲慢，即使这可能受到了moss的暗示。但在之前强硬的爱国情怀中，只看到了对人性的不尊重与傲慢，让整场的观感骤降。",4.0,162,endwich,35267208,1,Positive,流浪地球2
不需要多说。核心理念，吊打《阿凡达》系列的殖民思想。,5.0,377,吴佳禧,35267208,1,Positive,流浪地球2
"科幻工业美学很震撼，特别是太空电梯的视效让人惊喜。
不知道是时间不够，还是逻辑bug，有些地方感觉没有讲清楚，比如移山计划和数字生命明明可以互补，为什么双方搞得不死不休。其次关于生命形式、人工智能等探讨只是浅浅带过，整部片子看起来有点赶。
整体来说，这部片子讲述的人类迁徙史诗不单单只是勇敢的赞歌，它流露出的是渺小的人类文明挣扎求生的透骨悲凉和努力前行的微末希望的交织。适当的小幽默贯穿其中，又不会显得过分沉重，是非常独特的科幻叙事，希望后续更加精彩。",4.0,342,木圭月,35267208,1,Positive,流浪地球2
到底是在拍电影还是在做政府报告啊，文戏太差了，我们的科幻叙事就是集体叙事里插一点个体，最终个体的生死交代给集体，这居然也能引起大范围共鸣，我真是佩服中国观众。,3.0,220,Ohh Liz,35267208,2,Neutral,流浪地球2
电影所有的优点都来自原著提供的创意本身，整个制作只能用“吵闹”来形容，功能化且生硬的情感线看的我尴尬癌都要犯了，当最后只剩我们的电力系统没有打开，李雪健斩钉截铁的喊道我们的人一定能完成任务的时候，我真想问他是谁给你的勇气和自信说出这种话？战狼式自我意淫还没玩腻吗？,3.0,153,观影者,35267208,2,Neutral,流浪地球2
三颗星全给特效（难得的made in china吧）but情节拖沓建议时长缩减一半（左边观众睡着右边观众看一半离场了），战狼味直冲云霄我以为我在看《流浪地球（战狼版）》，女性角色全是为了成全大男子英雄主义，年轻演员台词念的有点太差，幽默也太硬了点，煽情也太套路了点，直男视角下的玫瑰浪漫和爱情、慈父视角下的钢铁父女情都好典哦，像被喂了一碗沉甸甸的杂交水稻，看得我发齁,3.0,267,荒岛米饭,35267208,2,Neutral,流浪地球2
"特效可以，三小时的剧情太过冗长，有点怪怪的。
ps.真的对图恒宇对于丫丫浓烈的父爱不满，没有一丝丝队妻子的怀念，与其这样不如改成单亲。",3.0,556,小羊蛋卷🐑,35267208,2,Neutral,流浪地球2
韩国也有航天队吗,5.0,574,JR,35267208,1,Positive,流浪地球2
尽管观感有些疲劳，看的累，也乱，因为剧作的单薄和庞大的叙事主题，无法让节奏紧密，只能是更加割裂和松散，光靠特效堆砌和灾难奇观显然无法让人坚持三小时注意力。但我还是要说，质量确实相当高，很用心，确实拍出了宏伟澎湃的大片风范。我还是不喜欢吴京的英雄主义和做作的家国情怀，我更喜欢刘德华的上载永生和自我反思。,3.0,409,几点奔马,35267208,2,Neutral,流浪地球2
想单独给刘德华五星，无论是对智械危机的呈现还是生命的哲学思考（以及演技）都让另外两条故事线望尘莫及。如果吴京线是可有可无的，那李雪健的故事线就完全是在拉低整部电影的水平以及刺激我的尴尬症发作，摆脱不了喊口号式的表演，但是算一算年份其实他演的是个90后.......,4.0,59,Gordon,35267208,1,Positive,流浪地球2
我觉得可以把煽情桥段删除删除，口号太多了。,4.0,149,咚咚咚咚,35267208,1,Positive,流浪地球2
喜欢电梯大全景和来回穿梭的部分，麻。机械迷可能会比较嗨，细节给得多。按 MOSS 给的时间节点，三小时拍了两次危机，几乎是两部片子的时长，量很大，但是有些地方不能细想：好比“移山计划”和“数字生命计划”到底有什么冲突，为什么只能选一个做，科技发展最大的好处不就是提供更多可能性么，各自寻找出路不是挺好，片子结尾其实就是两个计划并存；在人工智能具有自我意识且能做出长达百年预判的年代，执行核弹爆炸和潜入水底作业还需要人肉身执行，而不是靠远程遥控高操作精度的机器人，说不太过去，类似的问题还有几十年之后的手机和现在差不多；最后北京中心的成功启动完全因为图恒宇的意外介入，周喆直对“一定能做到”的信心建立在偶然上，这种信心就显得很盲目了。,4.0,115,懒躺乱翻书,35267208,1,Positive,流浪地球2
借用一句话：如果说流浪地球1打开了中国科幻电影的大门，那么流浪地球2是亲手拉着你出门指着天上万千星河说：抬头看，我们也能如此闪耀。,5.0,334,skytree,35267208,1,Positive,流浪地球2
不明白这种史诗级电影为什么还有人打一星，唯粉和黑粉真的都没有心吗。。。这片子直接把中国人在电影制作领域的话语权拉高了一个维度。且不说画面和剧情，就这个人类命运共同体和集体牺牲精神的立意，就吊打好莱坞一个世纪。这已经不是中国人能拍科幻了，而是只有中国人才能拍的科幻。另外三线叙事并行，从小家到大国再到数字生命，每个重要角色都有独特的人物弧光和成长线，从二部到一部的老少接棒也暗示了文明的延续离不开人类。看完后除了震撼就是感动，小破球，中国电影有你了不起。,5.0,325,R08行星,35267208,1,Positive,流浪地球2
我可真讨厌这冗长又稀碎的故事线连讲个故事都不会了吗 好好的故事讲的稀烂看得我真累 开头胸部特写就很恶心 吴京看见美女也就只会想着结婚 全片都是雄性的天下 女人只会念演讲稿或者得病死掉 一如既往的故弄玄虚装腔作势只会用大字报倒计时推动剧情吗 导演应该是默认了他的观众都是三体迷或者理工科学士学位 不然怎么敢这么多科学概念强行灌入 但也真的不能推敲剧情和科学设定 仔细一琢磨就漏洞百出 很多剧情和人物设计都很牵强 搞不懂这个角色有啥用 然后“外国人都是暴躁无能只会喊妈妈救命我想回家的二傻子而我china最牛你们都得听我的跟我汇报工作”以及外交敌友现状也太明显了吧 这毕竟是影视作品不是政治外交宣传片啊/ 骂完了 精致的烂片 但是给四星 因为我的祖国终于也能拍出星际特效科幻大片了！,4.0,289,真的臻,35267208,1,Positive,流浪地球2
最震撼的竟然是太空电梯出现的时候，我心里面一直在喊着“汪三水! 汪三水! 牛逼!”,5.0,337,搞笑大叔洛宾,35267208,1,Positive,流浪地球2
缺点是满，满到让人无法处理，满到影响观影体验。但这也同样是优点——奢侈，毫不留力挥洒点子的奢侈。,5.0,124,Thistles,35267208,1,Positive,流浪地球2
少的一颗星在女性角色塑造上。,4.0,149,水蓝色Tango,35267208,1,Positive,流浪地球2
这科幻不硬，啥硬，杠精的嘴吗？而且场面、特效、情怀、细节、煽情，要啥有啥。反正美式主旋律太过时了，我是腻了，中式主旋律yyds！,5.0,96,饱,35267208,1,Positive,流浪地球2
好莱坞目前应该没能力再拍出来这种片子,5.0,303,藤壺,35267208,1,Positive,流浪地球2
虽然没有得到足够大的满足感，但必须献上我的敬意。肉眼可见的难拍，直接全景式的末日危机和人类自救，想象力和概念与观众对标的好莱坞大片不落下风，而且可以说选择了一条最艰难的路线，有一丝半点差错大意，都会雷人可笑不可信。相较鸡贼的胡同大片满江红更对得起票价。三个男主，对应的命运共同体、集体主义、家庭至上的意义构架，虽未必多高级和新意但在这个主题里是合适的。差在文化的包装上，毕竟你要炸毁的是多少诗人吟诵过的星球，创作者不能只把它当作一个焚尸事件，你需要让电影的身段柔软一点。,4.0,69,饿霸地煮,35267208,1,Positive,流浪地球2
但求下一部专注于讲好主线故事，少点儿煽情，幽默和爱情不会拍可以不拍。,4.0,165,弥呀,35267208,1,Positive,流浪地球2
牛！洗去了昨天看xx红的晦气,5.0,564,kay,35267208,1,Positive,流浪地球2
三星半，特效和配乐的水平非常优秀，但叙事的直男味儿真的熏死个人，有种强烈的“既要……又要……”感。例如既要塑造一个英姿飒爽的现代女性，又要让她为刘培强让位，最后就只能草率地当了结婚生子的背景板，又例如李雪健那个角色（哈哈），三个小时的片子叙事松散，剪辑冗余，只能沦落到反复靠各种相似性紧迫事件的倒计时来抓住观众的注意力。总而言之，是类型片的一次突破，但要想躺在功劳簿上接受万世敬仰，那就实在是个笑话了～（btw，科幻类型片对女性真是明目张胆地打压和忽视啊哈哈哈）,4.0,101,癫猫蜻蜓,35267208,1,Positive,流浪地球2
中国科幻电影之光，就是有个最大的bug，中国的服务器怎么能连上外网呢（狗头）,5.0,101,半糖清粥,35267208,1,Positive,流浪地球2
如果我没猜错，李雪健老师的妆容是模仿的周总理❤️,5.0,188,夜神月的猫,35267208,1,Positive,流浪地球2
前半个小时还是蛮折磨人的，我再也不想看到吴京在大银幕上谈恋爱了,4.0,150,郑小囱,35267208,1,Positive,流浪地球2
"遇事慌乱大喊大叫的永远是美国人，俄罗斯人就是憨态可掬的形象，智勇双全的永远是中国人。

周主任没道理强制要点火那段剧情实在圆不回来。感觉是为了面子不顾后果。反正就算失败了大家都立马完蛋，你们也找不着我来承担责任。

关于人类收到神秘提醒的事。好像只有中国人说出来，而且说出来后其他国家人也没当回事儿，只有中国人在思考。

摇号政策无情且合理。但中国最后站出来反对，我有理由怀疑导演这么安排是在阴阳怪气。

最后周主任的秘书一字不落模仿周主任说话那个腔调有点不适。好像给新人立威似的。

片中女性角色太过工具人，而且回想下还成了帮助塑造男主角形象的工具人。

特效不错，很实在，从头到尾都很好。国内巅峰，立了个榜样。有新闻说成本和满江红差不多，如果是真的，那满江红的明星可真够贵的了。",4.0,203,碎弦,35267208,1,Positive,流浪地球2
电影没有塑造人物也就没有塑造情感，无论爱情亲情友情，没有塑造就只有消耗，电影是对各种情感的暴力使用，结果是贫瘠的口号和过度的煽情。电影重要的暗线是人工智能的成长史，反转在结尾彩蛋中直接给出。如果不是人类与人工智能的争斗，如果不是这条暗线所提供的悬疑推理，电影中很多场面让人尴尬到原地去世。,3.0,184,Panda,35267208,2,Neutral,流浪地球2
完全没有什么作用的女性角色塑造，唉，啊这,4.0,332,安淼,35267208,1,Positive,流浪地球2
为特效打4星。剧情要吐槽的地方太多了，各种不合逻辑的强行煽情……什么叫“我的人一定能行”，人家生命条都红了，人都死了，你相信的点在哪？,4.0,261,flipped,35267208,1,Positive,流浪地球2
"去电影看，绝对值。

看完流浪地球2 和 1 后，现在出现了严重的后遗症。看不了美国大片了。每当出现包括但不限于以下情节时，一秒出戏。
1.遇到天大的灾难，全国全世界都不行，就你能的。全世界都想不明白的问题，都打不过的boss，就你一个小杂兵能干成的。
2.有了星际宇航的能力，战斗时候还要拼刺刀的。
3.不管哪国人甚至外星人天然开口就说英语的。
4.不管是哪国人甚至外星人，是黑人的。
5.打大boss之前或者之后，非要来一炮的
6.敌人的女儿/妹妹/老婆/女军官……不顾文化不顾仇恨甚至不顾品种就上赶着要爱上你就要和你打炮的(就因为你是人类灯塔吗?)",5.0,66,max,35267208,1,Positive,流浪地球2
最棒的科幻场景与浓浓的爹味交织在一起,4.0,117,记录账号,35267208,1,Positive,流浪地球2
，制作是牛的，剧本也行，主要问题在于，，，你们的剪辑是不是剪预告片出身啊。。。。每段的结构拆开看是完全一样的，为什么一直在煽情一直在煽情一直在煽情。。。反反复复，高潮多了就会看起来没有高潮了呀。。。看得我精神上好疲惫&我讨厌这种价值观,3.0,115,叁壹肆,35267208,2,Neutral,流浪地球2
与第一部相比的进步与成熟令人惊讶，同时也具有与西式科幻截然不同的视角与节奏，平视中解读爱与牺牲，在更高的维度上探索存在与死亡；制作上的饱满度几乎是华语电影的巅峰作，不同事件中各利益方的博弈既是对人类总体历史的归纳，也能看做是对人类近期历史的思忖，如若能在密集信息的优化上精进一步就趋近无暇。,4.0,51,托尼·王大拿,35267208,1,Positive,流浪地球2
我说我睡着了不会被喷吧,3.0,409,Will♬Kan,35267208,2,Neutral,流浪地球2
抱着很大的期望去的，看完着实有些失望。前半段感情线看得生理不适，懂编剧想要塑造韩朵朵女强人的形象，但实话说不仅是韩朵朵、几乎所有女性形象很扁平，典型男凝刻板。把女性角色去掉可能不会对主线推进有多大影响，韩朵朵一个被塑造的这么强的女性，其优秀反映在男性眼中的价值就是结婚，对主线的贡献就是生了孩子。吴京出于“保护”目的把韩朵朵关在另一侧跑去单挑也很迷惑，如果真的要个人英雄主义加感情线，我宁愿看他俩并肩作战，而不是最后玻璃茬和花瓣散落一地、韩朵朵一拳把对手击飞嚷嚷花弄坏了。还有一个印象很深，吴京用拍立得拍了一家人，韩朵朵又说要用手机拍，因为方便修图…还有“我在啊”这句话，我真的觉得既突兀又俗。以及竟然还有胸部特写…看到了一些对太空漫游的致敬，前半段好感掉光后也不觉得高兴,3.0,418,南瓜籽没有籽,35267208,2,Neutral,流浪地球2
这不比在火星上种土豆好看多了？？？,5.0,169,洛伦丹,35267208,1,Positive,流浪地球2
"所有的感情戏码都非常之虚假，尤其是男主的感情戏以及自我牺牲诸如此类简直令我作呕。
最讨厌的角色是李雪健这个（对李雪健本人没有任何情绪），整得跟个神一样，全程“我要，听我的，我相信”，到底在信什么，编剧也没写（是从未来穿越回来，带着上帝视角还是咋滴），反正这人设看得我也很想吐。最喜欢的是宁理，很明显语速上加快了，虽然我没看过书，但这人一上来就有别样的气质。
唯一好看的就是视觉。
不过有地球3天就能毁灭这种好事，谁还废那个劲啊！有句台词写得好“延续人类文明的最优选择，就是毁灭人类”。当然这句还是没有沈腾那句来得升华“毁灭吧，我累了”。",3.0,156,靳以斯,35267208,2,Neutral,流浪地球2
爹得有点头痛……,3.0,816,乌鸦非常废柴,35267208,2,Neutral,流浪地球2
李雪健的角色去掉我还是愿意再多给一颗🌟的,3.0,266,条纹木君,35267208,2,Neutral,流浪地球2
"三十五岁下岗，五十岁自爆，变成电子宠物了依然要拯救世界，工具人的一生：""What are those chinese doing?""。",4.0,59,tfarcevolsruoy,35267208,1,Positive,流浪地球2
笨笨，你可是一条军犬！5555555要是可以和爱的人一直生活在数字世界就好了。俄罗斯的核弹没有保险笑死我了😆,4.0,57,红豆♥,35267208,1,Positive,流浪地球2
IP依然很棒，演员和特效也都在线，但可惜导演不会讲故事，处于写得多就是写得好的低年级作文水平。经费充裕拍了很多素材，但不懂取舍和缓急，没有聚焦和留白，整片充满堆砌，故事推进没有节奏，宏大叙事和微观煽情也还是老一套路，让人感觉疲倦大于震撼。真正经典的国产剧的出现仍然道阻且长，好片的诞生同样需要团结，好IP和演员、好导演和制片都不能少。但电影有句台词很棒，“团结也是需要代价的”，充满投资收益考量的片子不会那么轻易实现目标统一。正如第一部长镜头对行星发动机的介绍，这一部印象最深的也是开头的太空电梯了，其他的就是偏杂乱而填喂似的叙述。WE是个持续两千五百年漫长而坚定的旅程，希望以后聚焦讲好每个勇敢而震撼的瞬间，不要贪大求全，延展地做好这个系列。1.22大年初一 盘古万达影院,4.0,185,courtyard,35267208,1,Positive,流浪地球2
2上映都好几个礼拜了，3怎么还没拍完？,5.0,60,货爱吃白萝卜,35267208,1,Positive,流浪地球2
无所谓他在我心目中就是世界级的艺术品，从特效到设定再到剧情，在我心里已经封神了，没必要过分美化国外的电影，流浪地球传达的中式英雄美学更令我心动。,5.0,62,笨蛋宝贝,35267208,1,Positive,流浪地球2
"五十岁以上的 出列，牛逼，球2实在是会戳国人的点。
票房一定要过40亿，一定一定要有第三部！",5.0,160,路在脚下,35267208,1,Positive,流浪地球2
前几年我一位好朋友结婚一桌算上酒水红包接近两万，我吃完觉得还没排档好吃。看这电影的感受，差不多就是这样。,3.0,49,安森,35267208,2,Neutral,流浪地球2
什么轴心国爹味演讲…,1.0,224,有寂,35267208,0,Negative,流浪地球2
卧槽这是我40块钱能看到的？？？？,5.0,81,程静言cy,35267208,1,Positive,流浪地球2
这电影才8.2？！！网友们你还要看多牛逼的电影？！！开什么玩笑？！！啊啊啊！！真的牛逼啊！！扶摇直上九万里卧槽卧槽！在月球上遥望地球故乡卧槽！！回来看了解析以后，我整个人都麻了啊啊啊！！这电影整个故事牛逼！制作牛逼！这才8.2分？靴猫那鬼电影都有8.2了！！网友们还要看多牛逼的电影才肯给8.5以上？！！,5.0,100,虎鲸出征日本,35267208,1,Positive,流浪地球2
和这部比，《满江红》只不过是个人乡村电影，这是电影工业。,5.0,363,odm,35267208,1,Positive,流浪地球2
要特效有特效 要故事有特效,3.0,427,威尼斯卡门,35267208,2,Neutral,流浪地球2
《流浪地球2》结尾说地球要花费2500年，流浪到4.22光年外的半人马星座比邻星恒星系，在那里安置新家园，我愣了愣，想着怎么这么熟悉，这不就是三体人的母星，半人马座α星附近嘛。合着流浪2500年，就是要告诉三体人，咱们一起搬家吧，您别费劲征服太阳系了，太阳完了，地球完了，好嘛，你们三体星也完了，那我们一起卷铺盖走人吧。,4.0,95,宗城,35267208,1,Positive,流浪地球2
可能期待值太高，有点失望，红色元素有点多了，朵朵的病死很失望，她应该死在战场上，而不是病床上,4.0,263,Meow for meeee,35267208,1,Positive,流浪地球2
吴京这次又要替全人类去死了！！！说进步了吧，确实进步了，更会做特效了，故事框架打磨得更立体了，也做到宏大叙事了。问题也还是老问题啊，浓度太高的国家主义、个人英雄主义都大大削弱科幻片最高级的浪漫感。吴京扁平且尬、沙溢道德绑架、李雪健就有一点点“恐怖主义”了。女性角色继续当绿叶且边缘化，还好刘德华和宁理两个角色挽着全局不致崩溃。,4.0,73,马掰掰,35267208,1,Positive,流浪地球2
很喜欢刘德华的那条线，美中不足的话就是主线有点多、主次关系处理的可以再好一些。,4.0,65,土皇帝,35267208,1,Positive,流浪地球2
比满江红好看多了😭（就拉踩）国际主义魂熊熊燃烧！,5.0,132,小龙包 Pro,35267208,1,Positive,流浪地球2
电影用CG复活了达叔，和华仔在戏中数字生命的概念形成互文，也完成了华仔达叔的最后一次合作。,4.0,262,BATIGOL927,35267208,1,Positive,流浪地球2
郭帆，你睡的着吗，球3怎么还没上映,5.0,736,送你一颗苹果糖,35267208,1,Positive,流浪地球2
故事蛮宏大的，但是有几幕戏实在太尬了，1吴京看到韩朵朵就直接幻想生小孩，有点恶心，真就看见胳膊就想到上床 2自愿报名的时候非要跳出来按年龄出列 3潜水任务那么重要派的人太少 4倒计时结束按不按不知道有啥好吵的，不按躲不掉冲击的话还有什么犹豫的地方？就不是老头相信不相信的问题，把赌局变成信任硬搞生华,4.0,457,摇个不加粗,35267208,1,Positive,流浪地球2
如果有跟影片质量匹配的国际发行，这部电影的全球票房是可以冲冲15亿美元的。,5.0,508,婴儿葛葛,35267208,1,Positive,流浪地球2
中国电影还没死，中国也有科幻电影。刘德华那条线才是真亮点。,5.0,649,风萧萧兮易水寒,35267208,1,Positive,流浪地球2
50岁以上出列都还能够理解，李雪健强行点火就完全是煽动情绪扼杀理智了，而那个执行员的耳根子也是真的软。好好的科幻片，就不要搞政宣那一套了。,3.0,158,歌辞,35267208,2,Neutral,流浪地球2
这类片看的越多就越发现自己难以在宏大叙事中寻求共鸣，女人注定是这些宏大命题下的outsider。（旁观者视角的一点感悟：李雪健的角色真的太有那味了，凡别人提出实际问题必用一堆旁征博引亘古亘今实则假大空的大道理来放大屁，你跟他讲困难，他跟你讲情怀；你告诉他实验失败，他跟你扯黎明前的黑暗和一万五千年前的化石，闹呢…）,3.0,255,核仁烤排骨,35267208,2,Neutral,流浪地球2
不如直接拍刘德华那一条线！,3.0,146,越鸟巢南枝,35267208,2,Neutral,流浪地球2
一想到这是中国自己的科幻电影就头皮发麻 太争气了,5.0,154,rubber soul,35267208,1,Positive,流浪地球2
宇宙级别的春晚。好莱坞风格的红歌会。长达三小时声嘶力竭的英雄赞歌，每一句都斗志昂扬激动人心感人肺腑热泪盈眶，每一个音符都在破音边缘徘徊。电影里掷地有声地说文明要有人才有意义，但这部里哪个人像个人？别说要仰望天空就脚不沾地！,3.0,355,XDL,35267208,2,Neutral,流浪地球2
爆米花电影就不要强行上价值观，这种东西是润物无声的，反复强调就会让人反感,3.0,339,城乡结合部,35267208,2,Neutral,流浪地球2
实现了少时读刘慈欣时候的愿望。也许年纪大了吧，对那些主旋律和肤浅的东西，没那么吹毛求疵了。我更愿意相信，他们已经在限制中做出了最大的努力，谁也不傻瓜，不这么办，刘慈欣的场景又怎么有机会表现出来呢？加油吧。,5.0,86,不流ᝰ,35267208,1,Positive,流浪地球2
信女愿吃素三年 盼破球3早日开拍上映,5.0,307,戚阿九,35267208,1,Positive,流浪地球2
中间所有五十岁以上航天员出列的时候 我哭了。。。这种担当恐怕是一种中国人特有的品质吧,5.0,174,Sucre,35267208,1,Positive,流浪地球2
这电影没有图恒宇这条线 估计就是两星,4.0,86,buyhighselllow,35267208,1,Positive,流浪地球2
太好看了，第二部是第一部剧情与特效的plus版本，建议重温一下第一部，第二部的台词与第一部的联动太多，好多泪点。李雪健老师因为鼻咽癌动手术，声音有问题，电影用了技术修复了，不过有一处使用了原声，大家可以找找，这是个彩蛋。达叔的出现也是用了AI技术，太感动了。刘德华的女儿叫丫丫，佟丽娅（丫丫）正好扮演他的妻子。上面都是电影的彩蛋，我来讲讲我的彩蛋，电影中把国贸给淹了，刘德华看到国贸贴的小广告，房价6.6万/平米，现实中我也在国贸经历了相同的场景。电影里出现了未来人留给现代人的信息（看过《信条》的人估计会接受这种设定，而不感觉到突兀)，这是不是为第三部做铺垫。,5.0,1040,汤加伟,35267208,1,Positive,流浪地球2
2023年了国内怎么还拍这种大男子英雄主义叙事啊...,3.0,97,喵小姐爱吃糖x,35267208,2,Neutral,流浪地球2
“我要给她完整的一生” 2046吴京的婚礼、数字化的吴孟达、300元/平米的末日北京房价…没有人类的文明，毫无意义。@环球城市大道电影院·激光IMAX厅,4.0,62,影志,35267208,1,Positive,流浪地球2
跳来跳去的故事切换，其实没必要花观众3个小时，好失望，观察了下周围，除了看不懂的孩子，就是坐如针毡的大人,2.0,687,11,35267208,0,Negative,流浪地球2
换诺兰来拍这片就上9分了，多一星给吴孟达吧。讲实话确实有观影门槛，3小时对膀胱的压力也挺大的，打不过满江红很正常。我个人是觉得文戏是很有必要的，3个角色都不是省油的灯，这次剧本完整度很高，破球的原小说远没这么丰满。至于在科幻片里面找物理漏洞就算了，Engineering Porn 的玩意没人在意细节的。总之国内能有这样的科幻片确实是跨越式的，至少我看过的片子里面不管哪国的科幻，破球2都是顶级的那一撮，太强了。,5.0,133,CMGS,35267208,1,Positive,流浪地球2
郭帆导演把刘慈欣小说全拍了吧，球球了,5.0,150,不胖,35267208,1,Positive,流浪地球2
"强调的是全世界团结一致的集体主义，比美利坚千篇一律的美国引导世界，超级英雄引导人民不是逼格高多了？

准五星。关于人类股骨愈合的比喻直击人心，让人想到《2001太空漫游里》那条掷向空中的骨头。",5.0,95,Valery,35267208,1,Positive,流浪地球2
为什么纠结民族主义呢，这分明是因特纳雄奈尔,5.0,73,阿贤,35267208,1,Positive,流浪地球2
我朋友说，“像领导的讲话，又臭又长”。,3.0,342,路德维希,35267208,2,Neutral,流浪地球2
毫无尿点的三小时，看得津津有味。虽然某些片段过于“战狼”，满满的的自我感动；还有韩朵朵明明比刘培强更有实力，但最后嫁做人妇、生孩子、辐射生病最后死去，很男人式的yy。瑕不掩瑜，值得一看，但不会二刷，不过还是期待球3456，并且真诚地祈求少点男子主义的yy🙏,4.0,348,豆友154881133,35267208,1,Positive,流浪地球2
4星。比第一部少了很多sb角色就赢大了。1.阵容无解，过去十年内地+香港最能扛票房的两个男人合体，吴京+刘德华卖票房，李雪健+吴孟达卖情怀。选择老戏骨想必是导演对老一辈演员的敬意。2.吴京和华仔两个部分双线并进，吴京负责搞笑，华仔负责提升本片科幻人文高度。3.把沙溢的演技给突出来了，非常自然的东北派演技。4.华仔角色继续点题第一部名台词：行车不规范，亲人两行泪。5.中俄一家亲，给美国留了体面。6.前半段联合基地防御无人机那段超级炸，太空电梯的细节和真实感无可挑剔，某段配乐很“环太平洋”。7.“人类把最精密的系统都用到了彼此毁灭之上。”非常贴合当今世界现实了。8.AI技术大量运用，让吴京回春，修复李雪健老爷子的声音，“复活”吴孟达，达叔的面貌还可以再精雕下。,4.0,318,what'swilliam,35267208,1,Positive,流浪地球2
"观后心情有些复杂。这绝对是中国科幻史上里程碑式的作品，特效水平丝毫不输好莱坞，故事硬核，相对第一部，增加了笑点，适时且不惹人讨厌，人物塑造上也有华仔这样相对饱满的角色，但剧情上却仍是缺乏了那么一些合理性。
其实以中国的国情来说，还是不适合拍个人英雄主义电影，而是更适合集体英雄主义。我丝毫不会为吴京莽汉式的两次关门“救人”、李雪健老师撒泼式“中国人一定会完成任务，到点就必须按下按钮”的话语所感动，却会因为马兆知道自己无法逃脱而挥手让图恒宇离开、沙溢和老一辈的航飞员在敢死任务前挺身而出，把生的希望留给更年轻的人而泪流不止。这便是刻意的煽情、鼓动，和自然共情之间的区别。
其实中国不缺乏好的题材和好的原著，但怎样把故事拍得让人信服、不做作、不过度宣扬“中国主义”和“个人主义”，才是导演们永远的课题。",5.0,199,赛末,35267208,1,Positive,流浪地球2
太遗憾了，技术环节和工业化程度有多出色，就反衬剧作和内在价值的问题有多明显。我觉得主创还是有点不自信，仍然停留在量大管饱做加法阶段，鲍参翅肚浓油赤酱的，又巨又硬，不清爽不简洁，缺少克制力和做减法的勇气。吴京线在这个故事里没有提供新的价值（相较第一部），国际政治线也主要起“总结中心思想”作用，戏剧冲突是过家家水平的，不如以刘德华线为主轴展开，把吴京当作勾联第一部的彩蛋，减少戏份，毕竟一个商业片故事里塞三个主题关键词很难讲得清楚，但刘线又很可能关系到第三部碳基硅基之战，也不好全讲完了一点不剩。导演剪辑版砍掉的几十分钟对于故事节奏的影响也很明显，现在这版像个哑铃，两头大中间细，视觉奇观集中在头尾，中段过场推进就难免给人漫长疲软的感觉，不够连贯聚焦。四星半吧。,5.0,47,默语生,35267208,1,Positive,流浪地球2
大部分时间都有一种被爹按头的感觉。地球已经被造成了现在这个样子，我劝人类还是别继续自大了，别把自己太当回事。宇宙很大，只能存在于三维世界的你决定不了任何事情。,3.0,192,标本师库特,35267208,2,Neutral,流浪地球2
"这算是一部好片子了，但不是我的观影取向。
要不是为了刘德华，我肯定不看这个片子，所以他一出场我就热泪盈眶。随着我的长大，我非常厌恶宏大的叙事，因为那个时候人不再是人，这非常残酷。很多时候我们接受的教育都在告诉我们奉献，告诉我们要考虑未来，告诉我们人多力量大，告诉我们就应该追求所谓可贵的真实，我非常痛恨这样的价值观，这不值得鼓吹，如果根本不考虑人本身，一切是为谁呢？还不是为了虚无的东西。
先阻止日本往海里排废水再说吧。",4.0,72,Anastatica,35267208,1,Positive,流浪地球2
制作宏大，想象力惊天的宇宙爽文，全程无困点，脑子不够用，为中国科幻点赞，为我们的共同好友、编剧杨治学点赞！虽然片方因为预算问题最后没有再找我翻译第二部，但依旧要支持到底！,5.0,61,冬惊,35267208,1,Positive,流浪地球2
郭帆你自己说说你能数清楚你用了多少次走马灯展现全球各地人的震惊/感动脸吗？我反正是数到第四次就放弃了。还有啊你那些个外国群演能不能别说这种标准化听力英语了，好假啊，能不能说点地道的口语，把乱七八糟的cg钱省省用在文本上，你就说“妈妈我想回家”这句话你用了几次？咱把这些问题都解决了再考虑第三部ok？//但是，还是值得一看的，谁让我是机性恋呢。其实第一幕的节奏还可以。550C一接入响起阿拉moss的主题bgm我直接冲了！还有moss bgm混入女童声哼唱这个设计也挺喜欢的，头皮发麻。莫总剧情全程高光，整个人设狠狠hold住！很爱！,3.0,248,Laven,35267208,2,Neutral,流浪地球2
一群神经病，哪有那么多主旋律和强行正能量？！这不就是科幻片吗？！你们哪来那么多敏感带！就这同样的剧情，把主角配角全部换成老美，弄几段英雄美女的调情戏份，一众慕洋犬不得原地嗨出天际啊，震撼、过瘾什么的就打出来了。换成中国导演中国演员，就一堆屁话，有的人真的就不能好好看个片，一身臭毛病。,5.0,51,湖心亭亭长,35267208,1,Positive,流浪地球2
看了大家的评分我怀疑看的不是同一部流浪地球,3.0,289,哎呀妈呀脑瓜疼,35267208,2,Neutral,流浪地球2
如果令我感到不适，那就是真的不适。21世纪了，还需要挽救风尘女子而她守贞如玉贞洁比死亡更重要的桥段吗。,2.0,7041,最喜欢夏天,35766491,0,Negative,满江红
明明就是一部小品，配不上“满江红”三个大字,1.0,3205,故事的男主角,35766491,0,Negative,满江红
像是一个大杂烩的电影，四字表演真的演啥都一个样,2.0,3967,可乐猫,35766491,0,Negative,满江红
全军复诵的时候我还在想，为什么秦桧儿对岳飞这么有感情，看到后边，哦！果然是张艺谋。,4.0,22999,Phoenix,35766491,1,Positive,满江红
原来带着镣铐是可以跳舞的，原来记忆就能杀人，敌人狡诈狠毒，我们共诵一首歌即可杀他。,4.0,16541,哪吒男,35766491,1,Positive,满江红
我们为什么要记住诗词。,4.0,11139,-却不及,35766491,1,Positive,满江红
"成也反转败也反转，反转犹如一部好用的永动机，练手《悬崖之上》之后继续升级，以往作品大集合+类型大乱炖的基础上，源发于一个架空概念的疯狂猜谜机器产生了，它永不停歇（是的结尾你还可以反下去），无需讲究常规逻辑和人心变化，只要在观众脑海中兴起接近“思考”的漩涡就能赢得爽感，从现场反应来看无疑是成功的；估计也是春节档对观众最友好的一部——借人物之口捋得清楚明白，然而悬疑氛围也大打折扣。

个人观感不能称之为“电影”，而是春晚小品集锦（大量篇幅花在群口相声上，倍感煎熬），人物不断被添加本身就是偷懒做法——人工痕迹的叙事盘扩充，而非剧情本身产生的戏剧力；最终诉求（人海战术的自我感动）与表现形式（戏谑与庄重的奇特混合、戏曲转场）呈现断裂，于是会产生非常古怪的叙事节奏体感。",2.0,878,欢乐分裂,35766491,0,Negative,满江红
"一句话概括老谋子的《满江红》：

一伙人策划了一次针对奸臣的行动，筹划埋伏了几十年，主演几乎全死光……最后目的竟是：为了让奸臣带领全军背课文！！！

这种爱学习的精神让我动容。眼泪夹不住了～",3.0,31669,拾得,35766491,2,Neutral,满江红
可能不少人觉得最后朗诵满江红太煽情，可是在这个越来越逐利的时代，我愿意相信这样的浪漫英雄主义，至少是这两个半小时我想相信,4.0,7205,yyh,35766491,1,Positive,满江红
"知道满江红，没想到这么红...
我这是看了个主旋律古装剧本杀啊，还是欢乐情感本...",3.0,21161,鱼栖沐,35766491,2,Neutral,满江红
国产电影把全球刺客🥷的格局都打开了…不索命只要对方背诗😂,4.0,3758,青池君,35766491,1,Positive,满江红
那个，能不能不要通过一些“亡国歌女”来透出一些…..,3.0,7415,ElenSila,35766491,2,Neutral,满江红
“三十功名尘与土，八千里路云和月。”这不就是张导至今35年导演生涯的真实写照？他依旧在题材、手法、剧作上寻求变化。在意之人，定将铭记于心。反之，则嗤之以鼻。历史终究会烙下某种评断，无论好坏，是否清晰明确，消失难道不也是存在最好的印证？千玺很幸运，在最好的年华，能演到孙钧这样的好角色。,4.0,10264,HarperDie,35766491,1,Positive,满江红
蛰伏数年，牺牲多人，就为了让秦桧背诗？,2.0,1393,靴子中的猫,35766491,0,Negative,满江红
雷佳音最后的表演多给一星，确实知道这剧有多处反转，但是最后的结局让我感受到格局，国师还是功力深，可细品,4.0,6192,Leo哥,35766491,1,Positive,满江红
我的五颗星星都给何大人，看完好想被何大人的扇子敲一下（bushi,5.0,9338,Aspirin,35766491,1,Positive,满江红
国师真的老了，从第五代的影像至上到一曲《满江红》的故事悬疑，很难说是商业的妥协还是在影像故事抉择之中的回归，但我觉得这部《满江红》道尽了一个老人，一个老电影艺术家的“精忠报国”，疫情三年中国电影业的萧条、困顿、失落，国师在今时用一首《满江红》高唱“待从头、收拾旧山河，朝天阙”，高歌“臣子恨，何时灭”，对着后辈年轻的电影人高歌“莫等闲，白了少年头，空悲切”！老一辈或许会背负骂名（向商业投降）而离去，但新一代将背负希望远行！这是一个老人送给中国电影的诗歌，是一部属于中国的《阿涅斯论瓦尔达》，无疑也是一部关于中国电影的中国电影，也是，有些东西无关生死，那就是传唱千古的文艺。,5.0,10898,豆瓣在逃江湖骗子,35766491,1,Positive,满江红
玷污女性那段属实让人一点生理不适了，好像女性的大义就体现在被人玷污而不屈服这一点上,3.0,4054,June,35766491,2,Neutral,满江红
"众所周知，全球顶级电影大师，都是在70 岁后迎来创作新巅峰，比如伍迪艾伦，雷德利斯科特，伊斯特伍德甚至斯皮尔伯格……目测我国师最近 2 年也进入了 70+高能通道，《满江红》真的是集自己导演生涯之大成，甚至可以说是多次自己致敬自己哈哈哈，直接干出一个 悬疑爱国主义喜剧 新类型。
演员全员演技炸裂，沈腾雷佳音张译岳云鹏都绝了，易烊千玺又塑造了一个全新角色，简直新生代演员之光。
首映场我身后观众全程大声爆笑，结尾多次鼓掌，结束回头发现他们是:左凌峰王皓张唯伊阿奇与阿诚……等。
大胆预测，今年过完春节，全国人民都会全文背诵《满江红》！",5.0,9732,宋小卡,35766491,1,Positive,满江红
听到“我没什么背景 是靠自己努力”发出兔年第一声爆笑 大家演技都在线 新女演员也挺惊艳的,4.0,4425,罅昶,35766491,1,Positive,满江红
喜欢张译！一张古人的脸。,4.0,1380,大妇女,35766491,1,Positive,满江红
"饶有趣味的空间结构：深宅大院，窄巷高瓴，用简洁的建筑线条勾勒出一座迷宫（牢狱），间间密不透风，又处处匿影藏形；当场景转向门外待命的千军万马，又如辟出一条被风穿堂的活路，命数已尽，壮志必酬。

情节的强度与反转无关，而是人物的台词、眼神、表情、动作本身被组合成一幕幕追逐，融合了机锋、幽默、悬念、热血、嘲讽，表演伪装和真情流露也被揉作一团，当幕间曲响起如摇滚/电子乐般的豫剧，时空如被瞬间打通，狂躁的宣泄，肆意的游乐。",4.0,4319,嘟嘟熊之父,35766491,1,Positive,满江红
真就动不动就砍一刀 你以为你丫拼多多呢,2.0,900,猪条,35766491,0,Negative,满江红
深宅人人求生渴求一封密信保命，江湖人人求死换取一篇遗言复诵。大族宅邸满墙媾和之约，风波亭内名将临终喟叹，皆被剐了干净。有的字句成为免死金牌，有的诗词成为午夜梦魇。笼里的军鸽色若乌鸦，砚下的白纸写满谎言，背上的刺字状如死誓，手心的樱桃堪比赌约。赌一场前仆后继的局，换一曲传世满江红。,4.0,794,西楼尘,35766491,1,Positive,满江红
要是最后孙均没有反水，那将是绝杀,4.0,1006,ililevi,35766491,1,Positive,满江红
可以看出老谋子还是想表达一些东西的，比如：历史是如何被书写的，名不见经传的小人物是怎样在夹缝中求生存的，个人的力量能在多大程度上改写历史走向，捍卫集体记忆常常需要以生命为代价，以及人性是复杂多变的。然而这些东西被花里胡哨的反转、刻意为之的喜剧包袱埋得严严实实，一如既往塞得满满当当，丝毫不留余地。看到最后全军复诵、小女孩抱着石狮子，差点儿以为下一秒奥运会就要开始了……,4.0,573,赫恩曼尼,35766491,1,Positive,满江红
杀了可以，别糟蹋她！Excuse me？,3.0,1596,土土老师傅,35766491,2,Neutral,满江红
"7分。二十年前张艺谋没有刺秦，我站在偏精英的立场上不认同他共情暴君；二十年后张艺谋还是没有刺秦，我站在偏民众的立场上不认同他姑息奸臣。

再回到电影构建的语境中来讨论，对于秦桧这样位高权重祸国殃民的奸臣，无论杀他能不能历史偶然地改变历史进程，都应该被（小人物张大式）快意恩仇地一刀砍死，而不做（小精英孙均式）“让你苟活着背负老百姓骂名惶惶不可终日”的臆想。

更何况最后孙均都把秦桧捆起来了，背负着含亲戚在内的六条人命，居然还是选择不杀，恕我无法接受。虽然既定史实即便在艺术表达中也不容篡改，但不杀了还是杀不了是创作者可以选择的。

想靠“功过后人评”这一套说教来告诫活着的大人物，既是一种过于理想的道德约束，也流于主观心证和相对主义的虚妄，应该是现世的法律制裁和人心向背更具威慑力才对。【仙桃金逸】",3.0,843,私享史,35766491,2,Neutral,满江红
国师就是国师，最后整得跟奥运会开幕似的！,4.0,592,加州拉面,35766491,1,Positive,满江红
有匠气没灵气，有演技没真情,3.0,761,山芋,35766491,2,Neutral,满江红
喜剧的形式或许是对历史的戏谑，既然如此，末了突然的认真，细想就让人觉得味道不对，情绪太直给太单一，缺少了解构的玩味空间。在人人自危各怀鬼胎的宫院里苟且偷生，棋子草芥也要纵横穿梭来追逐时间，嬉笑怒骂回应必死的命运，又或许还有比生命更加重要的东西。满江红，是杀伐果决的红眼，是血流成河的惨烈，是暗红的血性不露声色，是怒发冲冠的英雄们不留名字。本身是各种张艺谋标志元素的大杂烩，作为贺岁片已经算超额完成任务。摄影非常失望，部分画面甚至感觉在看电视电影，是城府之间的一次次疾走和怪有意思的电子戏曲配乐维系着电影感的存在，也反映出导演的玩耍心态。结尾联想到课文背后历史的厚度止不住流下眼泪，但同时又感觉数百官兵齐诵《满江红》的画面有一种意淫的尴尬和荒诞，大张旗鼓的煽情是最平庸的“升华”。,3.0,950,辉夜姬,35766491,2,Neutral,满江红
不喜欢，全程冷漠脸，无笑点，尬到睡着。,2.0,2293,豆友211775620,35766491,0,Negative,满江红
就是一乐 但是不尊重历史 不配拍岳飞的相关事件 不配叫满江红,1.0,1692,青婉黎,35766491,0,Negative,满江红
两颗星给沈叔叔，看到有些对女性不友好的性擦边不喜欢,2.0,635,美女困ᶠᵤᶠᵤ,35766491,0,Negative,满江红
为赋新词强说愁,3.0,592,桃花鱼,35766491,2,Neutral,满江红
冗长 无核 不值得二刷的电影,2.0,1459,Evona,35766491,0,Negative,满江红
雷佳音值得一个最佳男配…,4.0,588,Wooooow,35766491,1,Positive,满江红
刺秦是表怀岳是里。这个古装版“风声”有点为反转而反转的意思了，但国师年逾古稀还有这么旺盛的创作欲rio厉害，而且题材还不带重样的。层层青壁构建的空间感不输给早期的大红灯笼，就是那些自以为是的幽默大可不必...,3.0,463,同志亦凡人中文站,35766491,2,Neutral,满江红
张译和舞姬进屋审沈腾我就知道张译要被反杀，一点悬念都没。,3.0,871,心眼刀,35766491,2,Neutral,满江红
宋朝人记性真好,4.0,506,MR.二七一四九,35766491,1,Positive,满江红
两个半小时的尔虞我诈，又臭又长，难以忍受。选角失败，让人出戏。我提着大红灯笼走进南宋府邸找笑点，看见的全是张艺谋过去众多作品的元素采样拼贴，一个都不能少，却一点也不出彩。,2.0,418,有心打扰,35766491,0,Negative,满江红
当然，有很多批评工具可以在此使用，但是置身历史之内，还是会被一个单纯到近乎痴傻的童话触动：杀几个坏人，爱几个爱人，舍生死明大义做无关乎眼前富贵的蠢事，并且，相信一首诗。,4.0,252,袁长庚,35766491,1,Positive,满江红
完颜宗弼写给秦桧的信用真名？我读书少，你拿出原件我瞅瞅，难道不应该化名么？或者秦桧用留金时候的外号之类。这种信掉在谁手上都不得了啊。这么多耍手段的高手，写密信用真名我真的看不下去啊。老谋子的破阴谋论太多了，几乎每部历史剧皆如此，最后凹造型浪漫一把就是他的历史观。历史原本的面貌，粗糙、迟钝、平庸、愚昧、偶然性的一面完全被抹掉了。为了一个点开始自我感动，还表现在刺杀秦始皇而不杀、妓女替学生妹去死、外国人被集体主义精神感动一起守长城、为了一秒钟拍一百分钟、神枪手爆头老美、一起朗诵满江红…,2.0,91,饿霸地煮,35766491,0,Negative,满江红
是近几年老谋子持续稳定地输出里看得最舒服的作品。值得欣赏演技，但不值得盘故事逻辑。两星张译，一星雷佳音。王佳怡是美的入戏的，可恕我不能接受对女性角色定位以及男女人物关系的刻画。,3.0,827,惊蓬,35766491,2,Neutral,满江红
张艺谋x开心麻花，剧本杀电影，概念好，戏一般，反转略硬，也不太自然，但应该近几年国师商业性最强的电影。喜剧，悬疑，粉圈，家国情怀，面面俱到，这公约数取得可以。喜剧部分挺俗，但没有三枪的本山大舞台俗，还算能接受。可怜易烊千玺，比不过沈腾张译就罢了，雷佳音戏份少没法比，可是连岳云鹏都比不过真说不过去，跟木头桩子一样，只能说一句德不配位必有后罪吧。结尾挺国师的，重现了他在奥运的小设计，算是行活中的一个小亮点吧。,4.0,802,HAL,35766491,1,Positive,满江红
王朔很多年前说起老张，说老张你已经不缺钱了，多拍点有意义的东西吧。而我想问老谋子。啥时候再拍个红高粱类似的电影啊！？,2.0,242,日后必有重讠射,35766491,0,Negative,满江红
除了真假秦桧，其余的反转，并不感觉意外。不喜欢转场的bgm，让我有些跳戏。不知道是为了营造喜剧的点，特意找了两位喜剧演员，还是如何，喜剧元素在电影里略刻意。整体还是值得一看的。,4.0,725,沁七七,35766491,1,Positive,满江红
最后有点垮，应该是为了，整体还行,4.0,721,LEON,35766491,1,Positive,满江红
别名《奔跑吧兄弟》,4.0,761,炫彩菌子,35766491,1,Positive,满江红
1.从类型上讲，玩成这样已经很好了，故意的反转不让人觉得刻意，一层一层的铺垫和剥落也都踩在实处。2.前三分之二的剪辑，一幕一幕间的起承转合的节奏有一点奇怪，不知道出于什么原因，接得太紧。3.可解读可玩味的当然很多，也就不必解读了。从此有了《满江红》，那几千人杀不了了。这结尾的悲壮也没流俗于煽情。这电影的优点在于收束，而不是铺张，本分地做一个纯类型故事。4.说过很多次，张艺谋是被误解最多的导演，他靠时间和新片去打扫那些误解，而不是依靠解释去打扫。,4.0,237,frozenmoon,35766491,1,Positive,满江红
不难看，就是太满了，无论反转108次所以显得很刻意的结构，还是后半段出现太多次的强行上价值毫无留白的台词。有一些未解之谜亟待解开：1.瑶琴的口红啥牌子怎么一天一宿不褪色？2.沈腾的演技到底比其他所有人绑一块儿好多少？3.豫剧比故事高三个还是五个档次？,3.0,923,酒壶小,35766491,2,Neutral,满江红
刚开始以为红的是血，看到一半发现红的原来是樱桃，但到结束才醒悟真正红的是心。,5.0,4529,R4n9。,35766491,1,Positive,满江红
这要是个剧本杀倒是非常优秀的产品，每一个小节设计都是为了强行制造出乎意料，再悲壮的死局都要从头俏皮到尾，一种过剩的服务精神，务必确保每个玩家有笑有泪满足好评。这么看漏洞百出好像也不太重要了，很明显人家追求的就是体验感大于合理性,4.0,165,黄青蕉,35766491,1,Positive,满江红
让张震来呀,3.0,267,death,35766491,2,Neutral,满江红
要是能在张大死那里结束就好了，后面都是孙均编的影的翻拍。,3.0,612,co-neno,35766491,2,Neutral,满江红
反转太多，音乐太响。,4.0,124,歪比巴卜,35766491,1,Positive,满江红
张译演技真好,4.0,253,迩卑,35766491,1,Positive,满江红
"本质上来说，这是一部《大山的女儿》《任长霞》般的传记剧，观众或为之泪流，但感动他们的不是作品本身，而是原型人物的伟大。
张艺谋俗了，俗得彻底。不知道七十岁的他梦回昨日，是否能看到三十岁的他在冷笑。",3.0,555,马二,35766491,2,Neutral,满江红
大师多多拍电影吧，爱惨了这个故事，搞笑之后狠狠被感动了，真的很厉害。沈腾也很给力！！！,5.0,8042,kim899,35766491,1,Positive,满江红
为了刻意弘扬家国情怀，搞得毫无逻辑可言。不是不喜欢爱国影片，只是想要恰到好处的，自然而然的。最后士兵一齐念诗的场景，只感到了尴尬。,3.0,389,橘月一十八,35766491,2,Neutral,满江红
full river red是我英语水平的译名,3.0,215,胡椒粉,35766491,2,Neutral,满江红
在国师近几年的片子里算不错 多种元素融合+多重反转 就是结局的满江红根本撑不起整个故事的题眼和动机,4.0,481,佑秦,35766491,1,Positive,满江红
雷佳音和沈腾的演技是出乎意料的好，yyqx还是太过稚嫩了，挤眉弄眼而缺乏了驾驭一个少年老成将军的沉稳。剧本很不错，反转自然、节奏紧凑。emo的对称式摄影运用特别让这种方方正正的结构非常漂亮。总体来说不会二刷但不虚此行,4.0,224,晴寂,35766491,1,Positive,满江红
一堆人谋划部署许多年，居然只是要得到岳帅遗言？而且不杀秦桧说让他遗臭万年，那留下他他岂不是可以害死更多的忠诚良将、跟金廷更多地勾结起来？这逻辑我是接受不了,3.0,91,莲945,35766491,2,Neutral,满江红
"7分
道理我都懂，但想不明白为什么要用那么复杂的嵌套讲一个这么浅白的故事。
两场爱情戏尬得哟～最后十分钟的真假勉强加了一点分。",3.0,516,己注销,35766491,2,Neutral,满江红
好喜欢最后的结局！但是张大和瑶琴那段不喜欢，很尴尬,5.0,2363,西西子,35766491,1,Positive,满江红
今天去看的，一分给沈腾，一分给张译，多了打不出，当喜剧片看笑点挺硬的，当悬疑片看逻辑不强,2.0,849,柠檬汁儿,35766491,0,Negative,满江红
这bgm怎么回事，本来要睡着了结果被音乐吵醒了,3.0,370,crystalliberty,35766491,2,Neutral,满江红
岳飞本来就和国师一样，拥有着最踌躇满志的初心，故事背景一旦放在了800个心眼子才能存活的小社会，那些词作中闪烁出的人性光辉，才是人类文明最珍贵的宝藏。请大家一定要相信，电影可以造梦,4.0,758,1806,35766491,1,Positive,满江红
戏剧化的东西，过于戏剧化了。给人一种某个角色的死就是被编剧写死的感觉。,3.0,600,Charles,35766491,2,Neutral,满江红
真把我惊呆了，越是这种烂片票房越高，难以想象以后还会有什么电影人用心用时间做电影。。。,2.0,146,Yooa,35766491,0,Negative,满江红
背课文真的尬住了…就…非得上价值吗…,2.0,1232,总有人称赵老师,35766491,0,Negative,满江红
还挺有意思的，在大众娱乐性和自己的格调之间找到了一个平衡，我还挺乐见市场多一些这样的电影的，既能爆票房，也不输格韵,4.0,151,寺司_,35766491,1,Positive,满江红
国师的电影质量我一直不担心，这次更是给了我惊喜！今天算是二刷了，因为之前首映礼看过一次，全员演技在线，剧情更是反转反转再反转，很刺激，有泪点也有笑点，非常适合春节档！！另外不得不说易烊千玺演技又进步了，台词也好，尤其是最后那几个镜头那几个眼神真的很牛逼！当时首映礼观众全呼孙均牛逼！！还有一点，大家有注意到吗？满江红的配乐也很让人惊喜,5.0,7855,badada.,35766491,1,Positive,满江红
佩服国师，能把这么一个家国情怀的故事处理成这样，看完这部也明白了为何前两年那两部的尝试，某种程度上甚至是《悬崖之上》和《狙击手》的优质结合体。一直在「小」与「大」的互相对应，小是小人物，小场所；大是大时代，大算盘，大格局。前期保证了猜忌与背叛的同时，随着剧情深入，景别转换达成了每个人物身上互相的猜忌，观众对他们的怀疑，不断的踢皮球抽积木一般，在不知者无罪的基础上冷幽默层层加码，时而再通过一个接一个的爆点刺激观感再颠覆观众目前固有认知，最后反转不断兜转，上升到前期难以想象的家国情怀，最后也能理解了前期孙统领表情变化所埋下的人物性格伏笔。而从寥寥几句台词也能看出，并非是历史的重新演绎，更像是在知晓后代历史之后，通过影像的方式描绘那个猜忌背后所共同藏有的家国情怀。,4.0,821,小植野,35766491,1,Positive,满江红
把爱国当生意做，是对爱国主义最大的侮辱，同时也很好诠释了【大奸若忠】。无论从情节和演技，还是从主题和票房来看，都是对全国观众的一次极大的讽刺。正是那些被当成幼稚园学生的观众，捧起来了最虚伪的“爱国题材”……明明天朝有实打实的历史，却非要向美国人学“情节虚构”，还要虚构什么“中国情怀”，呵呵,2.0,132,空语因明,35766491,0,Negative,满江红
我仿佛看了两个多小时明星玩剧本杀的综艺节目，就这剧本是怎么有胆子号称自己是悬疑喜剧片的，全片看下来我既没笑也没觉得有多悬疑，也就些毫无意义的反转罢了。稍微带点脑子看，就能明显的感觉到各个情节的毫无逻辑，本身这部电影的剧情大纲就有问题，导致了随着剧情的发展，就觉得越来越怪，所以为什么刘喜要揣着信去刺杀何立？为什么这帮人干这么多蠢事到头来居然不杀秦桧就为了把刀架他脖子上说出满江红？为什么秦桧明明是自己派的替身去的大牢，这么谨慎聪明的人到替身死了才想到岳飞有遗言这事可能是替身传出来的等等等，就观影过程和结束后，我满脑子全是疑问，这片你只要稍微细想一下全是剧情bug。很多所谓的细节，很难过，但不得不承认就是国师对他崇拜的某几位前人非常拙劣的模仿,2.0,115,WalkerOrange,35766491,0,Negative,满江红
"家国情怀下反复提及的“女人守节”让人很割裂。
这片子里的女性“角色”跟好莱坞电影的亚裔一样，只是一个符号。
还有这吹上天的反转就一点儿铺垫不给硬转啊。",3.0,396,见习阿恰,35766491,2,Neutral,满江红
一个70岁的人还能随着自己的心意，去大胆尝试最新鲜的东西，是人生一大幸运，国师就是国师，牛逼说倦了。好多人才2、30岁，对不符合自己心意的东西反感排挤的那叫一个令人惊叹，明明在最年轻的年纪，活得封闭又狭隘，了无生机。,5.0,834,麻酱.,35766491,1,Positive,满江红
"拖到现在才看，可惜了。没有此前传的那么邪乎，有点刻意的弯弯绕，但也不是完全不成立，甚至还挺感动的。
岳家军觉得让秦桧历史性死亡是重要的，让他当场死亡没那么重要。何况秦桧的结局是开放式的，按照孙均的安排，他必然会在三五天后活活渴死。没让他即刻暴毙可能只是因为国师不想再费口舌解释他为什么搞了一个平行世界。
备受女权责难的“杀了她也别糟蹋她”也有点冤枉，士可杀不可辱，整个片子都在传达这个价值观，妇亦如此。
最大的逻辑bug明明是，秦桧居然真的怕赵构知道自己通敌……就好像赵构不知道似的……就好像赵构知道了能把他怎么地似的……就好像赵构是个明君似的……",4.0,37,蜜思大为,35766491,1,Positive,满江红
老是反转，“其实。。”“事实上。。”“这个局。。”，老有人跑出来说我在第x+1层，就没意思了。还有最后念满江红，真的太，一言难尽。秦桧你最后怎么像坏掉了一样？遍布其中的一些小笑点蛮不错的。不然就真的啥没有了。,3.0,608,Context,35766491,2,Neutral,满江红
很犹豫打三星还是四星，作为老谋子的片子，这个电影绝对只有三星水平，但是近年来的春节档已经被烂片统治了，好不容易出一部不错的了🌝简单来说这是一部有笑点的剧本杀电影，反转不少，笑点不少，全员演技都不会让人出戏，在这个大环境下，已经很不错了🤔,4.0,268,听说你还在,35766491,1,Positive,满江红
《灯笼》的景，《三枪》的调，《金陵》的烈女《悬崖》的计，《英雄》的刺客结个局，齐活了～,4.0,99,mumudancing,35766491,1,Positive,满江红
易烊千玺这个角色的复杂性再做细点就好了,4.0,262,Mickey,35766491,1,Positive,满江红
一群丑男人在高墙里搞来搞去守护着捍卫着早就该入土的价值观不知道在搞什么,1.0,181,Hey LIoyd,35766491,0,Negative,满江红
四字最后和雷佳音对戏那段他真的好到爆炸了，他所有的戏份都轻松拿捏，非常自然，结局真的燃炸了，反转又反转，说真的孙均这个角色需要他自己的灵性，也要有他那独一份的“孤”，四字演的很棒，,5.0,4404,遇见未知的自己,35766491,1,Positive,满江红
"反转是挺多的。不过岳云鹏还是太出戏，雷佳音的秦桧也有点莫名其妙…
整部电影感觉像个情景剧或者舞台剧。总有故弄玄虚的感觉。
配乐很失败，想表达紧迫动之感？需要这样突然的一惊一乍吗？声音总是突然性那么大声，搞笑成分不足，卖弄感很强。",3.0,145,米开浪基•洛,35766491,2,Neutral,满江红
这个结尾似乎打动了很多人，尤其是文字工作者。它确实很像是“作家”的自我感动：语言万岁，诗歌永恒，历史会通过文学会给你正名。但为了留存一首诗送命与为了政治目的鼓动人民去送死又有什么区别，前者可能更反人性，因为你得到的是更缥缈的东西。而且关键是，历史会给你正名吗？历史人物在普通人那里得到的评价几乎没有一个是符合史实的，很多时候甚至是颠倒黑白的。现实中的政治总是会出于意识形态的考虑，用主义的模板去褒贬历史，并将这种评价写进教科书里让全民背诵。所以，寄希望于后世的评价，其实是在否定革命的意义，也是知识分子抛弃历史责任，躲进幻梦之明证。,3.0,56,远子,35766491,2,Neutral,满江红
这几年国师的作品真的都很可啊，这剧情反转太刺激了，千玺弟弟这演技又进一步了，这个很复杂的角色拿捏地太细节了，腾叔小岳岳张译大头也一个比一个有看头，还没去看的可以冲了,5.0,5579,可爱蓉蓉,35766491,1,Positive,满江红
小楼上的那段吹爆，孙均，少年将军，热血难凉！,5.0,4586,Huxley,35766491,1,Positive,满江红
理智看满江红约等于流浪地球2的质量，但感性上我偏向于这部，张艺谋创造了这类型片中剧情张力最好的一部电影。雷佳音和易洋千玺，沈腾贡献了各自影史最好的演技（四字一部分得益于这个角色的性格）。当听到全军背诵满江红时，哪个中国人能不满含热泪，“三十功名尘与土，八千里路云和月”，结构与影非常类似（我特别喜欢影这部电影，感觉是完全低估了），质感上有所差异，剧情上有所弥补过失。想到这又想说，中国教育如果都能以文化输出作为载体，创造出这样一个又一个有趣又保有内涵的电影，谁能记不下唐诗宋词？,5.0,549,弋,35766491,1,Positive,满江红
影片对女性的最高褒奖:义妓😂,3.0,51,康夫,35766491,2,Neutral,满江红
"怒发冲冠，凭栏处、潇潇雨歇。抬望眼，仰天长啸，壮怀激烈。三十功名尘与土，八千里路云和月。莫等闲，白了少年头，空悲切！
靖康耻，犹未雪。臣子恨，何时灭！驾长车，踏破贺兰山缺。壮志饥餐胡虏肉，笑谈渴饮匈奴血。待从头、收拾旧山河，朝天阙。",5.0,443,Anthony Lee,35766491,1,Positive,满江红
及格线上下吧，喜剧悬疑两张皮，喜剧是小品水平，悬疑是网文水平,3.0,222,Mr陈,35766491,2,Neutral,满江红
"酣畅，太淋漓尽致了！五星半，半颗星单独给四字的肉眼可见的进步(尤其台词，几乎没有了以前唇齿不清的问题，看来是真的下了功夫了)，恭喜昔日流量正式踏入实力派演员行列。另外，雷佳音、余恺磊的台词，张译的整体表演真的太舒服太令人陶醉了，可以想象他们拍得有多么痛快。新人王佳怡的表演很纯熟，味儿对劲儿准，可惜还是把“血”字念错了(虽说目前也没几个人能念对吧)。张弛戏份不多但非常显眼儿，小岳戏份挺多但是角色发挥空间不大。
整个音乐团队纽啤酒！
还要加一句估计要劝退一些豆瓣er的评价：一个导演的爱国之心是藏不住的！！",5.0,2392,Rose,35766491,1,Positive,满江红
你永远可以相信国师，无论是画面的颜色，故事的逻辑，心中的大爱，故事的反转，层层给你惊喜，不煽情，不矫情，还有着独特的浪漫主义色彩，小女孩声音一起，我就知道他的名字叫张艺谋,5.0,2101,王先生,35766491,1,Positive,满江红
我姓岳，刚刚看完心潮澎湃。,5.0,842,杰欧乔兰,35766491,1,Positive,满江红
我就知道国师不会失手，还有就是易烊千玺是真的牛逼！,5.0,1933,😳,35766491,1,Positive,满江红
不喜欢易烊千玺 但是被他深深折服,5.0,346,海棠朵朵,35766491,1,Positive,满江红
真上当了！大导演张艺谋拍这样的烂片对得起自己吗？看了二十分钟不知道在干嘛，除了杀人没有任何剧情。和闺蜜坚决提前退场，不如逛商场。没看的千万不要去浪费钱，太烂了！中国电影还能看吗？有真事吗？亵渎观众！,1.0,374,流浪的加菲猫🐱,35766491,0,Negative,满江红
前岳家军成员沈腾一伙前赴后继靠近秦桧，不是要杀他而是要他当众全篇背诵满江红……最后全部牺牲感动四字，四字逼迫秦桧替身完成背诵，引出真秦桧，四字不杀秦桧，让其活着承担骂名……？悬疑不足，尬红满屏……,3.0,52,jkkimi,35766491,2,Neutral,满江红
前后使用了苦肉计，欲擒故纵计，师徒配合砸车计，稀里糊涂突然落锤计，张艺谋只用了一计，将计就计，送张艺谋一计，走为上计，是不是很大胆?,3.0,43,小程同学🌈⃤,35766491,2,Neutral,满江红
"真是又臭又长~
剧情烂 表演尬 配乐拉 逻辑漏洞一大把（偶尔配合角色动作的锣鼓不错，那些一惊一乍的唱腔简直尬到脚指［不是说这东西不好，是不搭 非常不搭］）...
还有 时不时地插科打诨的“搞笑”真是可笑至极！",2.0,134,oranges,35766491,0,Negative,满江红
"前半部分的确很像剧本杀，画面不错，谋略一般。
后半部分“全军复颂”那段很感动，也能看出拍电影的人心怀大义。到最后小桃子和全军又念了一遍《满江红》送他们走。单纯无邪的小孩子+万众一心的一大群人，不得不说还真是导演惯用手笔。

“没和金人睡”和“让士兵演给你看”这两句话真的是有点无语。根本无人在意这个好吧，如果真不想有这种情节你就干脆别拍，又演出来了又要自证，果然是把贞洁看得比性命重的老男人。",3.0,50,你也是小狐狸吗,35766491,2,Neutral,满江红
"2.5。我的观感是随着每次反转慢慢下降的。原因有二：1、影片充斥着许多低俗细节，带着某种父权的性意味，仿佛角色是一群性压抑的男人。男的性压抑起来，确实变态。

2、影片的价值观在多重反转中左右摇摆，最后却落在最传统、最保守的位置。雷佳音一场戏情绪饱满，但只有这一场还算不上表演精湛。可能因为审查上不得戏说那些盖棺定论的历史人物，所以后续变得乏善可陈。",3.0,48,南悠一,35766491,2,Neutral,满江红
对张艺谋导演来说，我越来越期待他之后的创作，看看他还能给我们带来什么惊喜。（豆瓣的5星制让我很纠结，本片就卡在4.5星，4星5星都不够客观。现在我决定退半步改为4星，因为票房口碑都不错，不用雪中送炭也不必锦上添花。）,4.0,68,张小北,35766491,1,Positive,满江红
很少见的张艺谋让步了对视觉色彩的极致追求而注重叙事结构。层层交叠的屏风与七拐八拐的暗巷锁住这场迷局，将越来越多的局外人卷入其中，你能猜到局部而猜不到全局。不仅是无尽的反转，演员极致的表演同样加深了故事的层次。有笑有疑，有情有义。喜剧部分意外的好，配乐有惊喜。,4.0,414,第二片蔚蓝,35766491,1,Positive,满江红
让我想起年少陪奶奶看的市集大戏，热闹而无逻辑和内涵，甚至还有些低俗，也许是为了迎合男性社群，本可以六分，但因这点让人厌恶。,2.0,471,Carly,35766491,0,Negative,满江红
在影院里感觉片子挺精彩的，算是最近几年最佳贺岁档之一了。不过回到豆瓣上看到友邻们的一星评价还挺意外的，比如不符合当时历史时期的服化道台词、反转多到疲惫、结尾强行拔高？当然这些问题或多或少都存在，但在我看来实在不至于严重到影响片子的观影体验，甚至达到1星的程度。我不禁诧异，人类的情感为何如此不相同？认可批评，但我不理解这些一星。,4.0,50,慕容复,35766491,1,Positive,满江红
张艺谋对贞洁真够执着的，还特别爱在大银幕上开裤裆那点事的玩笑。这个不能拍，那个不过审，但是小孩子可以在电影院看这些血腥、暴力、低俗的场面，无法理解。,2.0,85,冰糖葫芦娃,35766491,0,Negative,满江红
理解不了为什么评分这么低？！这部电影可以列入我的个人TOP10评选。刚看到就知道是岳家军潜伏复仇记，果然像一个浓缩精华版的《长安十二时辰》，只不过张小敬这次穿越成反派了。电影的节奏、幽默感、燃点恰到好处，没有辜负大咖云集；架空的设计也合情合理。虽然最后满江红浪漫了一把，但我觉得煽情的度拿捏的还不错，故事的节奏也到那里了。你永远可以相信张艺谋，没想到国师可以这么幽默~,5.0,72,天涯断肠粉,35766491,1,Positive,满江红
不好看，哪哪都不对！,2.0,374,yilian,35766491,0,Negative,满江红
国师还是国师，用这种年轻人喜欢的桌面游戏形式给大家上一节这样的历史语文课，轻轻松松收个几十亿，问你服不服！（电影演到小半的时候我听到影厅里一个小伙子声音问旁边人，”这是宋朝吧？“，嗯，相信这堂课会让他受益匪浅了）。除了诗歌朗诵外，张导还不忘三番四次苦口婆心引导大家，这个是叫樱桃，我们国家很早就有的了，就不用再迷恋现在那些进口贵得要死的什么“XX子”了。,3.0,42,荔枝超人,35766491,2,Neutral,满江红
如果最后能把秦桧杀死，我愿意打5星。本来嘛，藉着沈腾、小岳岳和张译的扇子、摇滚的豫剧、重复的走动转场，已经把嘲谑的基调铺到满格，这原本就是一个纸上的推演游戏，创作者也一再强调本故事纯属虚构，那何必束手束脚，索性把架空玩到尽头玩到癫狂，像昆汀在《无耻混蛋》中杀死希特勒，斗胆颠覆和重写历史，拿出点“天不杀你，我杀！”的气概，彻底完成电影的造梦功能。而现在的结局，那么多鲜血与生命拿出去祭了一首词、一个理念，观众看得满头黑人问号。好人之所以孱弱，总在坏人面前吃瘪倒霉，就因为爱自欺欺人，相信这些虚头巴脑的东西。碰到祸国殃民、为患世间的大奸雄，好人该做的是鸡哔而不是放生。杀死秦桧和让他承担永世骂名，又不是二选一的互斥关系，当然可以既要又要还要。好人的动机梳理不清，整个复仇计划的逻辑都显得虚浮。,4.0,24,匡轶歌,35766491,1,Positive,满江红
#北京首映# 掺杂了太多段子和悬疑反转，但最核心也最理想主义的一件事无非是：那些强权真正抹不掉的字，是写在白纸上的。它最终会口口相传，然后万事留芳。第五代导演这几年和古诗词杠上了。张艺谋的满江红，陈凯歌的长恨歌。也可见张艺谋的浪漫是属于义的，而陈凯歌的浪漫是属于诗的。,3.0,344,雁城,35766491,2,Neutral,满江红
叙事框架来自剧本杀和无耻混蛋，这部分是满足类型快感，对反转使用是否妥当是个技术问题，但并不是评价本片最关键部分。影片核心表达挺处心积虑，满足了各方阵营需要。精忠报国是迷魂弹，挡箭牌，可以置换成任何普适化的政治口号，重点是到底刺不刺那头恶象？这一次他给出的回答是启蒙更重要。这是令张艺谋甚至整个第五代苦苦纠结的一个元命题，也正是这个巨大的包袱让他的作品最终的立足点失之简单，艺术不是用来回答问题的。,3.0,29,LOOK,35766491,2,Neutral,满江红
卡司强大，戏剧效果很好，不过何大人的死比较降智，结局也没收好。,4.0,109,Sn,35766491,1,Positive,满江红
悬疑和搞笑搞笑无法并存。还是好好搞一个吧。买了最早场，有点失望,2.0,1123,是菲奥娜呀,35766491,0,Negative,满江红
之所以会评一星，是因为打分最低只有一星，感谢满江红，让我浪费流量去下载豆瓣，亲自给你打分，从这一点上你比任何一部电影都成功，心疼我那60块钱和两小时四十分钟，目前处于极度后悔中，长时间无法走出来,1.0,191,豆友195174662,35766491,0,Negative,满江红
确实就是个7分的电影，这个评分到也中肯。满江红确实不是烂片，甚至有些地方让人触动。但在这个春节档，他的质量确实不配拿年级第一。,3.0,141,Fiona是小结巴,35766491,2,Neutral,满江红
英雄和三枪拍案惊奇的结合吧,3.0,420,東方魚肚白,35766491,2,Neutral,满江红
完全的失望 几个喜剧人插科打诨 没啥场景 打着emo的名 可能是为了档期而制作的吧,2.0,793,jennifer,35766491,0,Negative,满江红
有时候假身比真身好用,4.0,564,CatHEagle,35766491,1,Positive,满江红
也许是因为刚去过抗战博物馆，像这样动人的诗词或者故事，其实你只要读烈士生前的事迹，哪怕是一个最普通的士兵他的事迹一样震撼，所以故事本身带给我并没有那么强的触动。我的评价是：不如流浪地球,3.0,156,记不记得,35766491,2,Neutral,满江红
又难看又粗制滥造，张艺谋晚节不保！,2.0,331,33岁帅气上班族,35766491,0,Negative,满江红
为沈腾买的票，但是看完好失望，易烊千玺的演技一直原地踏步，演什么角色都给人一样的感觉，我不该有所期待的,1.0,969,哈哈大笑每一天,35766491,0,Negative,满江红
剥洋葱式的结构，用层层反转触及事件的核心，全片以中近景为主，用跟拍镜头领着观众跟随角色走向故事的中心，最后我们恍然大悟原来是这样。解构历史，秦桧背出满江红的时候热泪盈眶，这时我们都以为那是秦桧然后不解，此时电影最后一次反转也是最妙的一次。其实最触动我们的还是岳武穆的故事和他八千里路的云和月。,5.0,482,银翼猎手,35766491,1,Positive,满江红
老谋子看来是真的悟了，这毫无疑问是他个人风格与大众娱乐结合的最好的一部。观影感觉超出预期，看的深夜场，原本感觉亢长的近三小时一晃而过。很久没看过这样一部煽情恰到好处，反转不显突兀的国产电影了。值得五星。,5.0,240,christal,35766491,1,Positive,满江红
不伦不类，太黑了，喜剧也不出彩，最后强行悲剧圆有点尬,2.0,1020,深情小司,35766491,0,Negative,满江红
emo的古装确实不应该有什么期待，三枪的喜剧元素加影的灰仆仆画面加十面埋伏的无逻辑剧情,1.0,2492,想继续睡💤,35766491,0,Negative,满江红
人物动机不够充分，人设用力过猛，整个戏为戏剧性故意戏剧性。还是喜欢《活着》，太使劲儿不好看啊，人都狰狞了。,1.0,778,沈壮壮,35766491,0,Negative,满江红
"国产电影长期以来因受文艺政治论三突出原则的影响太久太深，一贯叙事简陋且一本正经，人物形象的设计比较刻板化，缺乏必要的铺垫，戏剧性冲突不够，细节上也经常乏善可陈，招致了不少恶名。
本片叙事长度足额，堪称大片风范，人物刻画细腻，一众演员的表演可圈可点，编剧做局过程中的喜剧因素、悬疑因素收放自如也比较到位，颇有欣赏性。",5.0,1909,仲子曰,35766491,1,Positive,满江红
刚开始还有点大红灯笼高高挂的审美，之后就开始抖包袱成了小品但起码也可以当喜剧看，但最后半小时开始各种刻意反转、疯狂煽情，还要硬上价值，观感真的一落千丈，让人生理不适。,2.0,54,LORENZO 洛伦佐,35766491,0,Negative,满江红
一部充满了直男恶臭的电影。片中的男人们充满了虚张声势与色厉内荏，以权势做倾轧，视人命如草芥，最后的高诵《满江红》就像中年男人一事无成只会在酒桌上高谈阔论然后还把自己感动哭的那种。,2.0,48,苏案,35766491,0,Negative,满江红
俩小时极限（可看），后半小时坐立难安；虽然“怒发冲冠，凭栏处、潇潇雨歇”并非出自岳飞之手，却的确是首热血激荡的好词，全军咏诵很难不令人触动，可是一想到所有的潜伏牺牲都只是为了让秦桧背遗言（逻辑bug都不提了），对不起，这不是浪漫的英雄主义，这只是创作者自以为是的自我高潮。不仅是下令处死岳飞的皇帝隐于幕后——尽逮着置于强权下的棋子狗咬狗，并且甚至都没想过要秦桧的命；让他活着被万人唾骂？何其可笑，真以为秦桧在乎？更何况位高权重谁敢当着他面骂？死后塑像跪着被人吐唾沫又能伤他几分？不过是世人意难平的宣泄。P.s.非常直观地感受到了演员之间的差距。,3.0,44,某J。624,35766491,2,Neutral,满江红
易烊千玺的台词感又进步了。,5.0,1597,素女子,35766491,1,Positive,满江红
这个故事主角团的行为逻辑真的很搞笑，他们前赴后继就是为了把《满江红》传播出去，不杀秦桧为了留着他活在世上被万人唾弃😓，怎么不看看自己说的啥啊，说得通吗？,1.0,134,方头夏夏,35766491,0,Negative,满江红
这个刺杀行动最终目的个人感觉有点迷,4.0,40,LittleFanFan0,35766491,1,Positive,满江红
全程一直处在“我倒要看看你还能怎么反转”的状态中，直到看到秦桧饱含激情地背诵满江红，他甚至还想再背一遍……,4.0,33,猫猫鱼🐱🐟,35766491,1,Positive,满江红
沈腾不太适合这个角色，到最后他的嘴都是歪着的，让人看着都那么别扭，演郝建真的是演上瘾了，始终跳不出来，倒是易烊千玺，演技的前后反差感挺大，挺有惊喜。还得是张译啊，这个角色阴狠毒辣演绎的淋漓尽致，岳云鹏蠢中带着点心机居然展现的还挺好。演瑶琴的演员以前没看过她的戏，但她通过每次的小细节表演，完全证明是个演技派，未来可期啊。雷佳音演出了秦桧的老成阴险，还有他历史上惯有的胆怯怕死特征，让后面的反转顺理成章。不太喜欢的是每次跑动时的快板豫剧配乐，一次两次听着很新鲜，但每次都这样显得有点老套啰嗦，其实每次换成不同的剧种或者不同形式，能反映不同的心理状态，也能让观众有期待感，内容尽量都换成跟岳飞有关的戏曲选段，应该不难。不过整体观感是不错的，作为古装悬疑喜剧片，张艺谋都做到了。,5.0,218,流光溢彩福禄寿,35766491,1,Positive,满江红
明明是小品，非要装成大片，明明没有情怀，非要卖情怀…,1.0,114,开膛手贝塔,35766491,0,Negative,满江红
为了反转而反转，说历史片又不够严肃尊敬，说喜剧片，又不够好笑。拿合家欢做噱头，又有血性和黄腔。,2.0,394,zh@ng,35766491,0,Negative,满江红
开始的莫名其妙 发展的索然无味 结束的如同儿戏,2.0,81,Summers,35766491,0,Negative,满江红
剧情让我想起了雷人这个词,2.0,273,Constantine,35766491,0,Negative,满江红
国师这几年真是高产，降低了自己艺术方面的要求，平衡了叙事，利用更商业化的框架让故事变的更加平易近人。一个不同的题材接着一个不同的题材，角色、风格多变，给人并非单纯重复的感觉。非常有某些大师晚期的感觉。 回过头来看今年春节档，说故事上不炫技只是说故事的，大概也就满江红吧。,4.0,25,Kaito,35766491,1,Positive,满江红
"后半段拍的太遗憾了，感觉怪怪的
前半我真的很喜欢，很精彩有笑点有智斗",4.0,57,JWKLt,35766491,1,Positive,满江红
这是我看过岳云鹏演的最好的一部电影了,4.0,43,雨前羽街,35766491,1,Positive,满江红
真的是毫无艺术感啊😓,3.0,17,把噗,35766491,2,Neutral,满江红
看完立马推荐给所有朋友，沈腾太好笑了。。。。有笑点有泪点反转到最后雷佳音那里太搞笑了,5.0,1825,我吃蓝莓,35766491,1,Positive,满江红
这他妈才叫中国大片，即使全程都在大宅子里面，但是却讲述了气势如虹的故事，悬疑、幽默、动作、家国情怀，每一个环节都有照顾到，近160分钟的电影层层反转，故事走向真的做到了让人意想不到，情节和细节的呼应甚至有三谷幸喜的精妙感，豫剧古风摇滚high翻全场！,5.0,45,谢谢你们的鱼,35766491,1,Positive,满江红
这呱噪的过场音乐真吓人,3.0,29,阿瞒冲起来,35766491,2,Neutral,满江红
有点无聊 中间差点睡着了 满江红好像跟岳飞遗言没有关系吧……,2.0,429,Elma,35766491,0,Negative,满江红
只能说热血沸腾并且恰到好处,4.0,361,莱塞,35766491,1,Positive,满江红
普普通通，应该严肃的片子，硬是加上喜剧,3.0,533,lzy_ss,35766491,2,Neutral,满江红
四字弟弟真的是养成系，从来不会让人失望，要颜值有颜值，要演技有演技。,4.0,344,abracadabra,35766491,1,Positive,满江红
我怎么忘记评你这个神经病诗朗诵教材电影了,1.0,113,骂死过人,35766491,0,Negative,满江红
满江红还是蛮值得一看的，全篇节奏把握的非常好，唯一碍眼的槽点可能就是最后为了让“好人”赢，强行给张译的角色降了智。结尾连背两遍满江红也是大可不必，我想大概是背给审核部门听的。,4.0,71,怪兽维克,35766491,1,Positive,满江红
看这片帮我理顺了那个拍红高粱的谋和导演奥运开幕式的谋之间的关系。它们内在是统一的，都是为了一个表面糖水效果而费尽心机的“谋”划。区别仅仅是当他还有点荷尔蒙的时候他能把肾上腺素调动起来让效果有点野性，而年纪大了活力散尽就只剩下僵尸一样的表面心机。团体操也好，无尽翻转的脑筋急转弯也好，都掩饰的是一个无法深入面对自己而只能拼命堆砌华丽精神垃圾的焦虑。那种上床前在媳妇儿面前边脱衣边秀肌肉耍把式的自鸣得意，遍布了这片大大小小的硬拗剧情反转和人物毫无原则的飘忽立场走位，让秦桧朗诵满江红的别扭可能让导演自己都觉得这想法牛逼的上了天，但效果终究是效果，下面缺了那活儿只能让被窝里的另一位最终受不了过长的前戏而昏昏欲睡。说到底，已经有很长时间，这个谋大脑一片空白完全没什么想说的了。,1.0,26,九苍,35766491,0,Negative,满江红
同事跟我把这部电影吹的天花乱坠，花四十块钱浪费了两个半钟，要喜剧没喜剧，要悬疑没悬疑，要演技没演技（岳云鹏/沈腾），要血腥也不血腥，只能摆弄一下爱国情怀，但也支棱不起来，结局强行煽情卖弄“精忠报国”。在家无聊有闲时间的可以看看，花四十块钱去影院就大可不必！！！（可能我期待太高，号称最好看春节档）,3.0,104,-Chakbun,35766491,2,Neutral,满江红
完全没被打动好吗，一部勾兑了搞笑、庸俗、所谓反转，并强行上价值到爱国的电影，没感觉到诚意，相反满满的小聪明。2个多小时，浪费时间,2.0,63,雨滴项链,35766491,0,Negative,满江红
像是一出多幕话剧。结局无法令人信服。,3.0,47,Fenng,35766491,2,Neutral,满江红
喜剧元素和岳飞的《满江红》是幌子，满江红（血）才是内核,4.0,146,高司令,35766491,1,Positive,满江红
完全被剧情带着走的，很有趣，笑点很多且不尬，结尾处理堪称完美。非常喜欢四字在这里边的形象与表演，融入了电影，却自成一格。期待更多好作品,5.0,2270,momo,35766491,1,Positive,满江红
没去看之前其实挺疑惑的，为什么岳飞逝世四年之后的剧情还能取名满江红，直到现在看完了心里还是很震撼，剧情一步步揭开，每个人的私心和软肋也被拨开，可是啊，世界上总有那么一群人，他们不为名不为利，只求义。孙均这个角色，矛盾点也挺多的，前后的转变，最后的爆发和抽离，真的绝。转场之间的音乐也很精妙！二刷去看更多细节！,5.0,906,1025hh,35766491,1,Positive,满江红
大导演、小成本，剧情牵强，看完略微有点失望。武穆遗书写在狱墙上，宰相都不知道，那些同袍是怎么知道的呢？还有瑶琴、桃丫头，像是硬加上的，出现的不和情理，于剧情推动也没有什么贡献。,3.0,362,食铁吞金饮黄泉,35766491,2,Neutral,满江红
深沉版《三枪拍案惊奇》。装，端着，不好笑，出戏。杀鸡用牛刀的感觉。大制作小品。😓,2.0,734,夏吉亚,35766491,0,Negative,满江红
白瞎了深宫大院的巷弄结构,3.0,219,Fillianore,35766491,2,Neutral,满江红
精忠报国的皮，呼唤公平正义自由的拳拳赤子心，从外看是一部妥妥主旋律，向内看则是有反骨，哈哈哈，其实岳飞的满江红这阙词历史局限性很大，谈不上佳作，价值观摆在今天也很有问题，但倒是挺契合当下的战狼精神，千百年推崇的大一统，在威胁到高层利益后也能以莫须有的罪名被剿灭，在某些乱局时刻又被拿出来当作人们的精神鸦片，究竟是秦桧的替身还是秦桧自己也是别人的替身，那个一面都没有露远在皇宫的皇帝，若是听见那一遍又一遍复诵的满江红，内心难道不会惊恐，而火堆里慷慨赴死的人们，终究想要的不过是一个真相,3.0,74,小球球,35766491,2,Neutral,满江红
超出预期吧能说是，毕竟预期太低。就是每次都被突然窜出来的戏曲声吓到,3.0,127,tapisa,35766491,2,Neutral,满江红
老谋子，生产队的骡子，高产，还有质量,4.0,276,成木,35766491,1,Positive,满江红
整体感觉不错，环环相扣，最后的反转出乎意料，就是前十分钟一直带入不进去，看见这几个人感觉就像是极限挑战换了一个外景，老是出戏，所以职业演员还是少接综艺，另外小岳岳的献技还需要磨练，其他演员的戏他明显接不住，易烊千玺的进步很大，没有口哨音了，军人的形象也很干练,4.0,86,无火的余烬,35766491,1,Positive,满江红
这个剧情简介好像剧本杀。。,4.0,172,VZZ,35766491,1,Positive,满江红
少点反转，压缩下时间，少一些人物对话，这将会是一部很棒的作品。,3.0,147,欧森,35766491,2,Neutral,满江红
气氛烘托到这了，最后不跟秦桧包个饺子，感觉不是很完美,2.0,71,江户川,35766491,0,Negative,满江红
张艺谋真是越来越会拍高考作文了。,3.0,32,FreeBacon,35766491,2,Neutral,满江红
挺尬的 艺谋 你不觉得尬吗？ 有名气有资源有钱 你拍出这样的东西 不觉得可悲吗？,1.0,111,黄大脸根本没有,35766491,0,Negative,满江红
只有乱臣贼子，没有无道昏君,3.0,86,请称呼我 陛下,35766491,2,Neutral,满江红
前面3/2已经睡着了 到后面bgm把我吓醒了,2.0,484,朵朵不多,35766491,0,Negative,满江红
这么多人的命搭上只为了对方背诗，什么清奇脑回路我不太懂,2.0,83,本来想露脸,35766491,0,Negative,满江红
享受与投入，一种戏剧压倒性攻略观看情绪的大片。序幕，音乐将观众调入紧张节奏，之后每次幕的转接都持续强调抽离；先由沈腾所代表的开心麻花式表演推进电影（真正意义上的“带节奏”，劝退影迷的表演？），它几乎混淆了对观众的痛觉刺激与通过低俗笑点产生滑稽感的自我娱乐，剥削式地收紧观众注意；正剧开始，人物如击鼓传花完成剧点推进，与此同时人物被随性附上背景属性，需要逗笑观众便连珠似炮配合完成喜剧，需要点题便泄露儿女情长与家国情怀。这几乎形成了一种新的创作逻辑：可以操控人物形象变得不可信，只要整体满足剧作运行的流畅与落脚点对娱乐化的追求，也解释了为何在满江红念诵后要再度反转。一个匠工导演在娱乐化面前对电影章法的戏谑，并在自己所擅长的、内容为主导的戏剧电影中以内容的疯狂与煽动来取悦观众，令人震撼的观看。,5.0,56,迷宫中的站起来,35766491,1,Positive,满江红
"冲着阵容来，没想到第一次看个电影看得想跑...
看到前半个小时，剧情无聊，抓不起好奇心。配色压抑，却时不时制造一些尴尬的笑点，像春晚小品，还有诡异喜庆无法理解的音乐。",2.0,243,根正苗红小炮灰,35766491,0,Negative,满江红
感动，但不能琢磨,4.0,25,SL_player,35766491,1,Positive,满江红
这部影片是在说：英雄死了有价值，奸臣活着有价值吗？,2.0,90,格物致良知,35766491,0,Negative,满江红
西八，和亲友浪费了宝贵的俩小时看了个什么玩意儿（）加起来就四小时了zym你拿什么还🙃完全不知所云的剧本，十八流的取景和服道化，选了一堆完全不适合古装的现代脸演员，鬼迷日眼的配乐，无趣尴尬的包袱（你们真的觉得好笑吗？），充满恶趣味的黄段子，这种东西居然拍了两个多小时，而这种东西的票房居然能有四十多亿，甚至超过了球2……我简直两眼一黑……🙄（易烊千玺体态真的太差了。。难看死了。。沈腾那演技也看得我好难受……非要说只有张译看着稍微自然些…。）比图兰朵都难看！图兰朵都比这拍得认真！甚至都不是一坨【包装精致】的💩，就纯路边一堆💩,1.0,159,狂歌,35766491,0,Negative,满江红
瑶琴有点出戏，其他都很好,4.0,64,拉布拉卡,35766491,1,Positive,满江红
我觉得不错，我从不苛刻,5.0,166,王易寒,35766491,1,Positive,满江红
17/1000，说实话，有些低俗笑话，反高潮也挺尬的，iso太高了，日拍夜是不容易，但是这光差，太大了，且老家观众素质太低，睡了十分钟，剧情完全接的上，结尾满江红还算激励，总体打分给7.5分。,4.0,387,格里高利,35766491,1,Positive,满江红
电影院看的，我对象说像在四合院玩一个大的剧本杀,3.0,41,小城的月,35766491,2,Neutral,满江红
几番周折奔波不过就是为了让最后的将士背出满江红，目的太明显以至于太无聊。近三个小时的电影许多地方都是完全不需要的，而最让人恶心的地方则在于张大无时无刻不在关注瑶琴的贞洁，宁愿死亡也不愿让她失身他人。张译的表演在一众谐星里简直是格格不入，只有他不像是在玩剧本杀的。,2.0,68,洛尔迦,35766491,0,Negative,满江红
我历史不好，没什么文化，第一次听《满江红》全文，我竟然听得懂，听懂的那刻我泪流满面，心中有团火在燃烧。全军复诵的那一瞬间，我仿佛真的看到了历史上那个胸怀天下、意气风发、骁勇奋战、精忠报国以及最终含冤入狱却依然赤子之心的少年就在我眼前……,5.0,266,爱小莉一生一世,35766491,1,Positive,满江红
希望行业可以逐渐剥夺开心麻花的话语权，那些令人发指的臭包袱儿就像沈腾的表演一样，油滑敷衍且自以为是。整部戏看下来，我简直无法相信，张大的完成度竟然远远比不上武义淳。甚至可以说，沈腾这个人，从始至终，压根儿就没在戏里。岳云鹏那句「你们学过历史吗？」我看不妨换成「你丫（沈腾）学过表演吗？」所以和沈腾一比，转场的剪辑手法好像也没那么讨厌了……,3.0,24,无心,35766491,2,Neutral,满江红
前面还可以（我指的是余皑磊托付小孩给沈腾之前），后面就开始在反转煽情主旋律贞操观绿帽焦虑中炖成一锅粥并逐步向崩坏迈进。撕掉假皮露纹身以及逼雷佳音上台给全校师生背诵满江红实在令人难以言说………,3.0,24,偏时差,35766491,2,Neutral,满江红
自己人死了好几个，金人只死了两个，最后还没杀秦桧。,3.0,112,蓝天白云,35766491,2,Neutral,满江红
报看啊,2.0,0,盐焗小行星,35766491,0,Negative,满江红
一部长达两个半小时的悬疑式职场活话剧，沈腾、岳岳、安欣、佳音、千玺，五影帝同台说小品，故事却能层层递进，一个时辰里锅满天飞，为了一己私利各显神威无所不用其极，背景音乐里却播放着河南豫剧《五世请缨》《包龙图下陈州》《花木兰》等各种各样的凛然大义，各自给各自找活路，各自给各自铺后路，天高皇帝远的地方，金牌不管用。有能力不如有背景，会办事不如会邀功，人人都在展现着说话的艺术和职场行为艺术，底层愚昧精忠报国，上层精明贪婪龌蹉，然而这一切，都是像是山河沦陷之前靡靡之音，构成了必然的流向，汇入了历史的长河。,4.0,23,易暝君,35766491,1,Positive,满江红
剧情转折好尬，冲着张艺谋导演来看的，有些失望,2.0,303,草莓牛奶糖,35766491,0,Negative,满江红
逆天剧情，让我感动的只是满江红这首词,2.0,244,Pluto.,35766491,0,Negative,满江红
这玩意也叫电影？,1.0,58,PinkNoise,35766491,0,Negative,满江红
故事很套路化，为了反转而反转，让秦桧背满江红是为了恶心谁,2.0,153,空白,35766491,0,Negative,满江红
三星半 中间太拖沓了 没必要这么多反转。另外真的很像剧本杀 是因为国师最近合作的都是年轻编剧的原因吗。张译演技全场mvp 这次终于没演“过”，四字还是差了点，戏眼在他身上，但他没撑住。,3.0,131,Evenstar,35766491,2,Neutral,满江红
